file;target;Time;Otype;Sdate;Stime;Stype;Qs;Vmean;VmeanC;Vmax;tVmax;Bmax;tBmax;VmBm;Bzmin;Abzmax;BzmtoBm;Ktmax;tKTmax;Ktmin;tKTmin;Bemax;tBemax;Bemin;tBemin;Rbulk;B2Sum;Magn;MagnM;MagnC;Tmin;TminM;Dmin;tDmin;DminM;tDminM;Dmax;tDmax;AftoB;tBef;tAft;tFrom;Kpmax;Apmax;Dstmin;tDstmin;Xmagn;Hlat;Alat;Hlon;Sdur;Axym;Txymax;Axm;Aym;Azrange;Pxym;Axdm;Aydm;Azdm;Axydm;Pxydm;D01;D02;AD02;Axb;Ayb;Azb;Axyb;Pxyb;Ax0;Ay0;Az0;Axy0;Pxy0;Ax1;Ay1;Az1;Axy1;Pxy1;dx1b;dy1b;dz1b;dxy1b;dA11b;Adz1b;dPxy1b;Pdxy1b;DP1b;CMEwidth;Ind;GLE;SSN
199612021001;2;0,42;1;35395;0,87;-1;3;312;311;429;34;17,3;8;3,71;-8,2;8,2;0,47;3,87;5;0,68;8;999,99;15;0,36;8;-1;0;0,8;1,7;0,8;15;15;-0,21;9;-0,25;9;0,15;16;0,05;88;42;42;4;27;-19;14;0;-16;16;90;488;0,65;-3;0,49;-0,42;3,8;319,4;0,27;0,14;0,27;0,3;27,4;0,02;-0,01;0,01;0,16;-0,21;0,01;0,26;307,3;0,07;0,03;-0,17;0,08;23,2;0,1;-0,13;-0,18;0,16;307,6;-0,06;0,08;-0,19;0,1;0,21;0,19;-179,3;126,9;49,8;78;0;0;13
199701100104;2;0,04;1;35436;0,62;2;3;505;503;468;4;15,2;6;3,56;-14,9;14,9;0,98;2,17;1;0,29;17;17,91;-5;0,11;4;4,59;2,34;1,5;2,5;1,5;2;7;-0,27;0;-0,3;2;0,3;-2;0,1;68,1;24,2;24,2;6;80;-78;7;0;-18;18;6;60;1,58;12;0,89;1,31;1,41;55,8;0,84;0,87;0,96;1,21;46;-0,2;-0,42;0,42;0,74;0,66;0,93;0,99;41,7;0,84;0,87;0,96;1,21;46;0,87;0,99;1,13;1,32;48,7;0,13;0,33;0,2;0,35;0,41;0,2;-19,8;68,5;5,8;360;77;0;12
199705150159;2;0,08;1;35562;0,2;1;4;600;601;524;32;25,3;10;6,63;-24,3;24,3;0,96;9,34;7;0,3;13;4,71;-1;0,04;11;27,62;12,41;1,7;4,3;1,7;3;13;-0,63;7;-0,59;3;1,07;5;0,07;113;50;50;6,67;111;-115;10;0;21;21;8;44;1,6;2;1,27;0,97;2,07;37,4;-0,34;0,85;-0,79;0,92;111,8;-0,57;-0,92;0,92;0,22;0,42;0,2;0,47;62,4;0,33;0,24;0,89;0,41;36;0,73;0,81;0,58;1,09;48;0,51;0,39;0,38;0,64;0,75;0,38;10,6;37,4;14;360;77;0;15
199705260957;2;0,41;1;35571;0,84;1;5;378;378;358;8;11;8;1,97;-10,5;10,5;0,96;6,44;47;0,8;18;11,46;47;0,42;23;18,32;2,71;1,1;2,3;1,1;12;16;-0,27;8;-0,31;8;0,26;18;0,1;19,4;82,1;19,4;6;80;-73;18;0;5;5;12;24;0,71;40;0,7;-0,14;1,23;348,7;0,23;-0,1;-0,05;0,25;336,5;-0,15;0,1;0,1;0,5;0,22;-0,1;0,55;23,7;0,26;0,37;-0,61;0,45;54,9;0,24;0,39;-0,57;0,46;58,4;-0,26;0,17;-0,47;0,31;0,56;0,47;-88,4;146,8;49,7;165;77;0;48
199709022239;3;0,94;1;35671;0,96;2;5;434;442;560;31;17,3;22;4,84;-14,8;14,8;0,86;4,59;39;0,73;17;12,66;40;0,27;20;41,33;3,42;1,5;3,3;1,5;19;27;-0,47;8;-0,46;8;0,4;20;0,09;39,7;131,3;39,7;6,33;94;-98;23;0;30;30;-17;58;1,98;13;0,24;1,97;1,23;83,1;-0,11;1,55;0,07;1,55;94,1;-0,06;0,04;0,04;0,14;-0,23;0,14;0,27;301,3;0,12;0,1;0,42;0,16;39,8;-0,08;0,38;0,23;0,39;101,9;-0,22;0,61;0,09;0,65;0,65;0,09;-7,9;109,8;119;360;0;0;69
199710010059;1;0,04;1;0;0;2;5;0;573;490;12;13,8;2;3,38;-8;11,1;0,8;2,05;-8;0,29;20;999,99;2;0,17;45;-1;0;2,2;3,3;2,2;27;27;-0,37;3;-0,57;-1;0,29;34;0,16;87;205;87;7;132;-98;14;-99,9;35;35;-10;15;2,18;11;1,8;1,23;2,25;34,3;0,16;1,48;-0,29;1,49;83,8;-0,33;-0,46;0,46;-0,34;0,54;-0,42;0,64;122,2;-0,91;0,83;-0,09;1,23;137,6;-1,3;0,85;0,52;1,55;146,8;-0,96;0,31;0,94;1,01;1,38;0,94;-15,3;162,1;56,9;360;77;0;36
199710241050;1;0,45;1;35724;0,71;1;4;631;636;559;52;21,4;2;5,98;-15,1;15,1;0,71;5,98;12;1,05;-1;6,4;8;0,23;19;87,84;4;2,9;3;2,9;34;39;-0,55;4;-0,43;4;0,59;1;0,14;26,8;64,2;26,8;5,33;56;-64;15;0;16;16;-7;76;1,12;29;-0,33;1,07;3,91;107,1;0,52;0,4;-0,06;0,66;37,6;0,78;0,8;0,8;0,17;-0,75;-2,58;0,77;282,8;0,23;-0,64;0,61;0,68;289,8;0,49;-0,55;0,28;0,74;311,7;0,32;0,2;2,86;0,38;2,88;2,86;-80,3;32;96,1;360;0;0;14
199711062248;3;0,95;1;35738;0,24;1;5;640;637;468;4;18;22;4,21;-12,5;14,9;0,83;10,02;4;0,48;24;2,96;5;0,1;32;84,56;5,51;2,1;4;2,1;21;21;-0,64;6;-0,62;2;0,26;44;0,12;95,8;59,3;59,3;7;132;-110;5;0;-14;14;33;10;2,06;15;1,59;1,31;3,94;39,5;0,81;0,04;0,43;0,81;2,8;-0,6;-0,78;0,78;-99,9;-99,9;-99,9;141,28;-999,9;-99,9;-99,9;-99,9;141,28;-999,9;0,35;-0,2;-2,45;0,4;330,3;-99,9;-99,9;-99,9;-99,9;-99,9;99,9;105,3;225;57,7;360;77;19;65
199801240529;2;0,23;1;0;0;2;4;0;581;467;50;9,9;6;2,31;-6,2;6,2;0,63;1,86;44;0,61;-1;15,54;-2;0,37;46;9,76;2,02;0,7;1,1;0,7;8;25;-0,28;25;-0,3;21;0,29;43;0,07;82,5;61,5;61,5;4;27;-35;35;-99,9;-57;57;-19;12;1,21;7;-0,23;1,19;5,13;100,9;-0,12;0,53;0,52;0,54;102,8;-0,38;-0,45;0,45;-0,4;0,48;0,73;0,62;129,8;-0,47;0,62;0,75;0,78;127,2;-0,58;0,32;0,43;0,66;151,1;-0,18;-0,16;-0,3;0,24;0,38;0,3;-70,5;221,6;22,8;360;0;0;92
199804071749;2;0,74;1;35887;0,67;2;3;342;345;381;71;15,4;10;2,93;-7,1;7,1;0,46;2,31;16;0,62;-3;7,15;36;0,11;10;62,05;3,38;3,4;3,5;3,4;37;37;-0,32;10;-0,31;24;0,22;14;0,22;78,8;98,2;78,8;3;15;-52;74;0;-23;23;-23;86;1,53;18;-1,49;0,34;1,47;167,1;0,08;0,11;-0,93;0,14;54;-0,11;-0,09;0,09;0,03;-0,58;0,01;0,58;273;0,09;-0,45;-0,08;0,46;281,3;0,07;-0,52;0,1;0,52;277,7;0,04;0,06;0,09;0,07;0,12;0,09;-138,6;56,3;10,9;48;0;0;123
199804231825;1;0,77;1;35905;0,4;1;4;514;513;462;43;15,2;3;3,51;-9,6;11,3;0,74;4,08;4;0,99;31;6,61;-1;0,67;30;69,7;3,53;0,8;2;0,8;29;29;-0,32;14;-0,33;4;0,4;6;0,05;80,4;51,6;51,6;5,67;67;-87;12;0;-43;43;90;100;1,19;14;0,16;1,18;4,68;82,3;0,16;1,18;-0,46;1,19;82,3;0,05;-0,08;0,08;-0,06;0,68;0,01;0,68;95;-0,17;0,62;-0,16;0,64;105,3;-0,33;0,59;-0,31;0,68;119,2;-0,27;-0,09;-0,32;0,28;0,43;0,32;-79,2;198,4;34,6;243;0;0;34
199804300928;1;0,39;1;35912;0,37;1;5;573;568;464;32;11,2;5;2,6;-8,3;8,3;0,74;2,8;6;0,35;-3;84,28;-3;0,87;21;17,44;1,38;5,9;1,6;5,9;30;30;-1,1;28;-1,05;28;0,95;13;0,53;107,5;36,5;36,5;4;27;-33;12;0;-16;16;-50;43;1,3;18;-0,28;1,27;1,86;102,4;-0,2;-0,12;-0,35;0,23;211;0;-0,05;0,05;-0,69;0,42;0,36;0,81;148,7;-0,55;0,48;0,28;0,73;138,9;-0,16;0,48;0,05;0,51;108,4;0,53;0,06;-0,31;0,53;0,62;0,31;102;6,5;42,8;360;-5;1;61
199805012156;1;0,91;1;35914;0,67;1;5;772;777;651;8;20,5;4;6,67;-12,4;14,3;0,7;2,53;1;0,07;23;6,84;41;0,07;10;134,3;6,4;5,5;7,8;5,5;22;21;-1,1;4;-1,05;4;0,36;13;0,27;36,5;43,8;36,5;6,67;111;-100;19;0;-18;18;-20;53;2,98;4;-1,47;2,59;1,97;119,6;-1,47;2,59;-0,19;2,98;119,6;-0,56;-1,37;1,37;0,37;0,48;-0,58;0,61;52,4;0,43;0,85;-0,33;0,95;63,2;0,28;1,36;-0,48;1,39;78,4;-0,09;0,88;0,1;0,88;0,89;0,1;-17,5;95,8;32,9;360;77;1;75
199805071749;1;0,74;1;35918;0,88;1;4;449;449;514;8;11,2;0;2,88;-4,1;10,2;0,91;2,71;5;0,3;-1;2,36;9;0,22;-1;3,9;2,59;1,5;0,7;1,5;1;1;-0,15;1;-0,15;1;0,26;2;0,13;44,8;16,1;16,1;4;27;-64;13;0;-13;13;34;37;1,33;0;1,27;0,4;1,27;17,5;0,39;0,04;-1,14;0,39;5,9;-0,12;0,14;0,14;1,34;-0,38;-1,12;1,39;344,2;1,27;0,4;-1,37;1,33;17,5;1,21;0,43;-1,36;1,28;19,6;-0,13;0,81;-0,24;0,82;0,85;0,24;-79,6;99,1;26,9;194;0;0;93
199805080952;1;0,41;1;35921;0,33;1;4;833;834;658;7;11,9;2;3,92;-4,8;6,9;0,58;3,2;0;0,61;30;2,59;6;0,46;45;12,13;2,65;0,7;1;0,7;4;9;-0,31;3;-0,28;15;0,37;6;0,06;16,1;69,1;16,1;4,33;32;-67;33;0;-11;11;65;22;1,56;33;0,25;1,54;1,68;80,8;0,27;0,96;-0,3;1;74,3;-0,21;0,01;0,01;-0,26;1,05;-1,1;1,08;103,9;-0,01;0,86;-0,93;0,86;90,7;0,2;1,02;-1,04;1,04;78,9;0,46;-0,03;0,06;0,46;0,46;0,06;82,6;356,3;17,5;190;0;4;83
199805162122;1;0,89;1;35929;0,01;2;4;601;629;610;-2;9,3;-2;2,84;-4,6;4,6;0,5;6,44;10;0,95;27;4,29;15;0,52;1;2,55;1,85;0,6;0,8;0,6;1;17;-0,36;4;-0,4;4;0,36;3;0,07;30,5;46,6;30,5;5;48;-44;44;0;-20;20;19;16;1,67;19;1,52;0,69;1,49;24,4;0,1;1,13;-0,44;1,13;84,9;-0,17;0;0;-0,3;0,58;-0,34;0,65;117,3;0,41;0,41;-0,32;0,58;45;0,7;0,85;-0,56;1,1;50,5;1;0,27;-0,22;1,04;1,06;0,22;35,4;15,1;58,6;246;0;0;104
199805291536;1;0,65;1;35942;0,56;2;4;829;826;716;10;17,3;1;6,19;-4,4;10,6;0,61;2,88;1;0,35;10;4,56;14;0,52;9;24,99;6,27;1,8;2,5;1,8;3;4;-0,68;3;-0,71;3;0,45;6;0,1;19,6;17,9;17,9;6,67;111;-58;10;0;18;18;58;80;1,35;5;1,02;-0,89;1,5;318,9;0,33;0,43;-1,31;0,54;52,5;-0,66;-1,03;1,03;-0,19;0,49;0,19;0,53;111,2;-0,26;0,55;-0,17;0,61;115,3;-0,23;0,81;-0,46;0,84;105,9;-0,04;0,32;-0,65;0,32;0,73;0,65;8,7;97,1;48,8;268;0;0;37
199805300928;2;0,39;1;35943;0,57;1;3;950;957;600;-2;8,8;6;2,64;-2,3;4,7;0,53;1,59;36;0,33;5;2,97;0;0,25;6;8,48;1,66;0,8;0,9;0,8;7;7;-0,22;5;-0,23;66;0,25;20;0,09;17,9;72,5;17,9;3,67;22;-37;6;0;18;18;87;17;1,22;13;0,79;0,93;0,99;49,7;0,27;0,36;0,02;0,45;53,1;-0,14;-0,18;0,18;0,25;0,1;-0,33;0,27;21,8;0,34;0;-0,46;0,34;0;0,23;0,12;-0,29;0,26;27,6;-0,02;0,02;0,04;0,03;0,05;0,04;-107,4;135;4,6;53;0;0;53
199806131925;3;0,81;1;35956;0,17;2;4;476;471;444;61;11,9;34;2,64;-11,1;11,1;0,93;6,86;45;0,34;20;2,83;3;0,31;20;37,52;2,51;2;2;2;28;57;-0,38;2;-0,34;2;0,46;33;0,17;44,4;99,6;44,4;4,33;32;-68;13;0;-19;19;26;11;2,65;33;0,06;2,65;1,67;88,7;0,95;0,72;0,44;1,19;37,2;-0,14;-0,52;0,52;1,2;0,92;0,04;1,51;37,5;1,41;1,23;0,02;1,87;41,1;1,33;0,96;0,1;1,64;35,8;0,13;0,04;0,06;0,14;0,15;0,06;18,7;17,1;2,6;144;77;0;117
199809242345;1;0,99;1;36061;0,28;1;4;1011;0;839;8;28,7;1;12,04;-18,4;18,4;0,64;2,71;-2;0,03;9;1,74;45;0,01;13;221,33;9,27;9,2;12,4;9,2;23;9;-1,62;4;-1,79;4;0,85;25;0,32;45,8;70,2;45,8;8,33;236;-233;9;0;18;18;-9;51;3,46;5;1,78;2,97;9,11;59,1;1,47;1,34;3,94;1,99;42,4;-2,68;-3,31;3,31;-0,46;1,23;0,38;1,31;110,5;0,29;1,41;1,91;1,44;78,4;0,74;3,36;2,99;3,44;77,6;1,2;2,13;2,61;2,44;3,58;2,61;17;60,6;37,7;0;77;0;166
199811070815;3;0,34;1;36103;0,3;2;4;569;569;537;5;15,7;17;4,22;-11,6;11,6;0,74;2,89;0;0,08;16;3,99;1;0,05;17;2,34;1,86;0,8;2,6;0,8;1;17;-0,45;16;-0,62;16;0,48;3;0,05;58,3;20,6;20,6;7,67;48;-92;7;0;17;17;1;18;1,66;19;1,53;0,65;5,8;23;-0,18;-0,78;-4,68;0,8;257;-0,32;-0,32;0,32;0,47;0,54;0,54;0,72;49;0,72;0,99;0,18;1,22;54;-0,02;0,71;0,19;0,71;91,6;-0,49;0,17;-0,35;0,52;0,63;0,35;-69,3;160,9;43,7;360;77;0;135
199811080451;1;0,2;1;36104;0,79;1;4;718;734;639;3;35,4;2;11,31;-13,2;23,7;0,67;1,4;18;0,11;38;0,81;30;0,06;1;270,24;18,75;7,4;6,1;7,4;22;22;-1,58;7;-1,41;7;1,02;-1;0,21;20,6;64,2;20,6;7,67;179;-148;1;0;22;22;18;72;5,06;4;2;4,65;4;66,7;1;4,48;-1,49;4,59;77,4;-0,28;-1,2;1,2;1,53;0,65;0,04;1,66;23;1,93;0,46;1,33;1,98;13,4;2,07;1,34;0,76;2,47;32,9;0,54;0,69;0,72;0,88;1,13;0,72;-19;52;18,5;360;77;0;121
199811130143;3;0,07;1;36108;0,82;2;4;532;518;428;39;21,3;33;4,56;-17,6;17,6;0,83;4,28;39;0,33;24;2,22;-9;0,11;12;171,12;8,81;2,3;5,1;2,3;34;34;-0,61;8;-0,6;8;0,46;15;0,11;52,7;58,3;52,7;6;80;-133;16;0;23;23;10;61;1,88;2;-0,34;-1,85;5,29;259,6;0,42;-0,78;-0,51;0,89;298,3;-0,26;-0,4;0,4;0,13;0,58;0,02;0,59;77,4;0,05;0,06;-3,95;0,08;50,2;0,04;-0,93;-4,04;0,93;272,5;-0,09;-1,51;-4,06;1,51;4,33;4,06;5,9;266,6;104,4;190;77;0;116
199811300507;1;0,21;1;36126;0,31;1;4;596;600;499;31;14;5;3,49;-7,8;9;0,64;1,56;9;0,19;20;8,86;-10;0,32;11;22,56;4,05;1,1;1,3;1,1;7;22;-0,29;17;-0,26;17;0,2;-2;0,08;103,1;46,4;46,4;4,33;32;-23;34;0;-24;24;-9;36;1,48;42;0,19;1,47;1,76;82,6;0,89;0,19;-0,52;0,91;12,1;0;0,15;0,15;0,03;0,75;-0,74;0,75;87,7;0,05;0,58;-0,85;0,58;85,1;0,43;0,4;-0,68;0,59;42,9;0,4;-0,35;0,06;0,53;0,53;0,06;84,1;318,8;30,5;360;77;0;130
199812281826;1;0,77;1;36154;0,23;1;3;489;0;446;42;14,7;1;3,28;-7;7;0,48;2,09;-9;0,28;26;3,43;10;0,26;26;26,74;4,54;1,4;1,4;1,4;8;8;-0,4;5;-0,33;5;0,36;0;0,1;88,4;69,6;69,6;5;48;-53;15;0;30;30;-66;116;1,75;4;-0,53;1,67;1,01;107,6;-0,58;1,38;0,13;1,5;112,8;0,39;0,36;0,36;-0,69;0,39;0,42;0,79;150,5;-0,8;0,41;0,61;0,9;152,9;-0,82;0,55;0,6;0,99;146,1;-0,13;0,16;0,18;0,21;0,27;0,18;17,1;129,1;5,1;0;77;0;176
199902170709;1;0,3;1;36205;0,42;1;4;601;605;492;2;13,3;1;3,27;-10,2;10,2;0,77;2,55;5;0,24;-6;1,57;4;0,33;1;25,27;2,34;1,3;2,4;1,3;16;14;-0,3;3;-0,44;2;0,16;17;0,1;71,2;19,6;19,6;5;48;-38;5;0;17;17;-5;71;1,41;6;0,24;1,39;1,67;80,2;0,58;0,3;0,17;0,65;27,3;-0,04;-0,26;0,26;0,67;-0,15;-0,45;0,69;347,4;0,65;0,08;-0,25;0,65;7;0,88;0,1;0,4;0,89;6,5;0,21;0,25;0,85;0,33;0,91;0,85;-43,5;50;60,4;147;77;0;181
199902180246;2;0,12;1;36207;0,12;1;4;867;0;673;12;28,3;6;9,52;-24,2;24,2;0,86;2,57;2;0,08;15;2,9;36;0,1;5;159,28;13,08;5,2;8,2;5,2;15;14;-1,15;10;-1,18;10;0,6;1;0,18;19,6;116,2;19,6;6,67;111;-134;11;0;-23;23;14;56;3,08;3;0,65;3,01;3,08;77,8;0,97;0,83;1,03;1,28;40,6;0,37;-0,17;0,17;0,23;0,14;-0,45;0,27;31,3;-0,1;1,52;0,14;1,52;93,8;0,42;2,55;1,39;2,58;80,6;0,19;2,41;1,84;2,42;3,04;1,84;-4,8;85,5;96,4;0;77;0;155
199903100130;1;0,06;1;36226;0,16;1;4;597;609;463;4;11,7;2;2,71;-7,8;7,8;0,67;2,03;-10;0,11;21;9,18;39;0,27;31;15,61;2,58;0,8;1,8;0,8;8;5;-0,36;8;-0,29;1;0,21;12;0,07;77,5;61,5;61,5;6,33;94;-78;6;0;-24;24;3;21;1,34;22;1,25;0,48;1,24;21;0,62;0,53;4,79;0,82;40,5;-0,12;-0,14;0,14;0,33;-0,05;4,77;0,33;351,4;0,35;0,3;4,76;0,46;40,6;0,22;-0,02;4,54;0,22;354,8;-0,11;0,03;-0,23;0,11;0,26;0,23;-169,9;164,7;1,2;31;77;0;92
199904161125;3;0,48;1;0;0;2;4;0;515;462;4;24,6;22;5,68;-15,2;15,2;0,62;4,14;45;0,18;27;18,24;3;0,07;21;4,19;1,89;2,3;2,5;2,3;3;64;-0,27;38;-0,3;59;0,46;11;0,09;49,4;70,6;49,4;7,33;154;-105;16;0;24;24;10;185;1,51;48;0,65;1,36;1,34;64,5;0,08;0,36;-0,23;0,37;77,5;-0,17;-0,24;0,24;0,62;0,37;-0,71;0,72;30,8;0,71;0,72;-0,71;1,01;45,4;0,62;0,65;-0,85;0,9;46,4;0;0,28;-0,14;0,28;0,31;0,14;-43,6;90;11,2;261;77;0;98
199905051543;1;0,65;1;36283;0,23;1;4;715;715;492;13;10,5;4;2,58;-4,5;4,6;0,44;2,89;10;0,74;-5;8,9;5;0,38;10;36,86;1,88;2,9;3,2;2,9;34;35;-0,34;0;-0,29;10;0,19;-4;0,28;169,7;102,3;102,3;3;15;-16;36;0;15;15;-32;56;1,52;19;-0,27;1,5;2,15;100,2;-0,81;0,71;-1,47;1,08;138,8;-0,63;-0,44;0,44;-0,61;0,59;-1,3;0,85;136;-0,81;0,71;-1,47;1,08;138,8;-0,59;0,66;-1,52;0,89;131,8;0,02;0,07;-0,22;0,07;0,23;0,22;57,7;74,1;3,6;360;0;0;124
199905180056;1;0,04;1;36294;0,16;2;3;446;457;658;20;23,4;4;7,7;-12,8;21;0,9;7,18;4;0,4;25;3,11;0;0,46;3;20,22;8,33;1,4;1,8;1,4;3;7;-0,33;1;-0,27;3;0,21;4;0,06;39,9;114,1;39,9;5;48;-26;26;0;-18;18;36;18;1,53;27;1,05;1,11;1,57;46,6;0,3;0,68;-0,57;0,74;66,2;-0,51;-0,58;0,58;0,01;0,78;-0,3;0,78;89,3;0,15;0,6;-0,45;0,62;76;0,3;0,68;-0,57;0,74;66,2;0,29;-0,1;-0,27;0,31;0,41;0,27;85,2;341;25,9;46;0;0;131
199906260325;2;0,14;1;36333;0,73;1;3;508;511;356;1;15,3;8;2,72;-8,3;8,3;0,54;3,02;1;0,67;4;4,4;-10;0,46;7;31,8;5,28;0,9;1,6;0,9;10;11;-0,24;2;-0,21;2;0,21;4;0,06;89,4;16,9;16,9;4,67;22;-20;7;0;22;22;-37;77;0,93;0;0,63;0,68;1,07;47,2;0,16;-0,07;-0,34;0,17;336,4;0,18;-0,06;0,06;0,47;0,45;0,36;0,65;43,8;0,63;0,68;0,07;0,93;47,2;0,42;0,32;-0,31;0,53;37,3;-0,05;-0,13;-0,67;0,14;0,68;0,67;148,3;249;59,7;360;0;0;274
199906262016;1;0,84;1;36335;0,5;1;3;739;0;591;28;23,8;2;7,03;-5,1;12,6;0,53;12,56;4;0,26;26;2,69;5;0,18;27;96,65;4,55;3,2;4;3,2;30;30;-0,52;0;-0,5;1;0,26;15;0,13;16,9;32,9;16,9;6;56;-24;16;0;29;29;13;186;2,73;3;-0,09;2,73;1,91;91,9;0,58;0,9;-0,39;1,07;57,2;-0,83;-1,12;1,12;0,47;0,31;-0,31;0,56;33,4;0,58;0,9;-0,39;1,07;57,2;0,75;1,48;0,17;1,66;63,1;0,28;1,17;0,48;1,2;1,3;0,48;-13,4;76,5;45;0;77;0;274
199906280511;1;0,22;1;1;0,3;1;3;904;902;866;0;16,7;-1;7,23;-3,2;11,1;0,67;1,4;42;0,08;0;1,07;1;0,1;5;-1;-1;1,4;1;1,4;-2;-2;-0,17;40;-0,31;66;0,48;0;0,08;32,9;91,8;32,9;6;80;-43;4;0;25;25;0;35;1,09;7;0,42;1,01;0,75;67,4;0,84;0,47;0,08;0,96;29,2;0,83;0,95;0,95;0,3;0,33;-0,31;0,45;47,7;0,29;0,54;-0,24;0,61;61,8;0,35;0,57;-0,21;0,67;58,4;0,05;0,24;0,1;0,25;0,26;0,1;-19,8;78,2;19,8;360;0;0;254
199907020059;1;0,04;1;36340;0,21;1;3;611;629;673;20;10,1;4;3,4;-5,4;7,2;0,71;2;1;0,16;35;2;22;0,22;42;31,72;2,29;1,1;2;1,1;15;21;-0,39;2;-0,36;2;0,4;30;0,11;91,8;110,2;91,8;5;48;-34;31;0;18;18;-7;16;1,58;8;1,56;0,25;6,15;9,1;0,28;1,14;0,34;1,17;76,2;-0,17;-0,57;0,57;0,38;0,32;-0,01;0,5;40,1;0,25;0,57;0,42;0,62;66,3;0,43;0,65;0,36;0,78;56,5;0,05;0,33;0,37;0,33;0,5;0,37;-24,9;81,4;30,4;360;77;0;223
199907061509;2;0,63;1;36344;0,84;1;3;621;612;502;6;11,6;6;2,91;-7,5;9,8;0,85;3,6;4;0,16;27;2,37;30;0,23;8;40,8;1,62;2,6;3,3;2,6;47;47;-0,31;6;-0,28;47;0,27;0;0,22;110,2;131,2;110,2;3;15;-36;52;0;16;16;55;44;1,71;14;1,64;0,47;2,66;16;1,12;0,84;-0,17;1,4;36,9;0,38;0,61;0,61;0,56;-0,06;1,24;0,56;353,9;0,26;-0,28;1,26;0,38;312,9;0,22;-0,06;1,07;0,23;344,7;-0,34;0;-0,17;0,34;0,38;0,17;164,7;180;12,7;139;77;0;186
199907311827;1;0,77;1;36369;0,34;1;4;504;506;634;2;7,7;-2;2,44;-6;6;0,78;0,99;-2;0,13;6;11,4;6;0,15;14;1,28;1,13;0,8;0,9;0,8;4;4;-0,62;4;-0,48;4;0,42;5;0,1;31,5;46,5;31,5;5,33;56;-37;4;0;-15;15;-3;15;1,35;12;1,34;-0,15;1,87;353,6;0,24;0,02;0,63;0,24;4,8;-0,09;-0,09;0,09;-0,04;0,13;-0,15;0,14;107,1;-0,05;0,31;-0,13;0,31;99,2;-0,04;0,61;0,16;0,61;93,8;0;0,48;0,31;0,48;0,57;0,31;3,8;90;63,6;360;77;0;223
199908151044;2;0,45;1;36383;0,91;-1;3;489;0;640;43;18,7;9;5,98;-7,2;16,5;0,88;3,68;14;0,49;-10;5,77;-3;0,09;17;139,6;4,02;2,3;3,8;2,3;47;42;-0,35;19;-0,31;2;0,16;39;0,12;90,7;62,3;62,3;5,33;56;-47;42;0;-16;16;4;75;0,74;14;0,6;0,44;1,28;36,3;0,29;-0,03;0,59;0,29;354,1;-0,26;-0,53;0,53;0,25;0,31;0,13;0,4;51,1;0,19;-0,09;-0,15;0,21;334,7;0,45;0;-0,29;0,45;0;0,2;-0,31;-0,42;0,37;0,56;0,42;57,2;302,8;70,5;0;0;0;74
200001111426;1;0,6;1;36533;0,67;-1;2;591;0;602;16;19,1;1;5,75;-14,4;14,4;0,75;2,85;1;1,02;31;1,75;42;0,23;5;19,25;9,31;0,6;2,3;0,6;2;7;-0,21;21;-0,21;4;0,22;3;0,03;30,4;166,6;30,4;5,33;56;-81;6;0;-11;11;-75;68;1,77;34;-0,74;1,61;2,35;114,7;0,05;0,75;0,46;0,75;86,2;-0,28;-0,36;0,36;0,15;0,6;-0,84;0,62;76;-0,23;0,36;-1;0,43;122,6;0,05;0,7;-0,68;0,7;85,9;-0,1;0,1;0,16;0,14;0,21;0,16;-49,1;135;11,5;0;0;0;133
200002110258;1;0,12;1;36564;0,36;1;4;627;629;505;2;10,7;2;2,7;-3,4;6,7;0,63;2,63;2;0,21;15;1,48;7;0,75;17;19,13;1,97;2,3;2,9;2,3;15;15;-0,32;15;-0,36;6;0,16;18;0,22;57;20,9;20,9;4,33;32;-27;18;0;25;25;-26;36;1,41;10;0,18;1,4;2,04;82,7;-1,03;0,07;-0,13;1,03;176,1;-0,39;-0,28;0,28;-0,01;0,3;0,91;0,3;91,9;0,05;0,58;0,34;0,58;85,1;0;0,91;0,34;0,91;90;0,01;0,61;-0,57;0,61;0,83;0,57;0,9;89,1;51,3;360;77;0;167
200002112352;2;0,99;1;36566;0,07;1;4;899;907;589;46;20,6;12;6,07;-15;15;0,73;2,26;4;0,17;23;4,23;25;0,09;23;126,78;5,88;3,7;5,8;3,7;25;11;-1,16;0;-1,03;0;0,35;43;0,18;20,9;55,7;20,9;6,67;111;-133;11;0;22;22;-3;59;1,32;1;1,28;0,32;2,92;14;0,55;-0,49;-0,91;0,74;318,3;-2,07;-2,36;2,36;-0,73;0,06;-0,87;0,73;175,3;0,55;-0,49;-0,91;0,74;318,3;1,28;0,32;0,05;1,32;14;2,01;0,26;0,92;2,03;2,23;0,92;6,7;7,4;129,7;360;77;0;167
200002202139;3;0,9;1;36573;0,85;1;5;566;571;455;7;16,9;22;3,84;-7,8;14,6;0,86;2,85;3;0,23;25;6,12;6;0,06;37;52,04;5,16;2,1;2,7;2,1;14;23;-0,68;0;-0,53;0;0,39;34;0,12;113,7;56,3;56,3;4,67;39;-26;22;0;-29;29;-7;50;2,45;-1;-0,52;2,39;1,98;102,3;-0,3;1,69;0,87;1,72;100,1;-0,63;-0,91;0,91;-0,52;2,39;0,56;2,45;102,3;-0,3;1,69;0,87;1,72;100,1;0,23;1,76;0,62;1,77;82,6;0,75;-0,63;0,06;0,98;0,98;0,06;122,6;320;20;360;77;0;112
200005231425;2;0,6;1;36666;0,23;-1;4;513;515;684;23;34,1;12;11,66;-24,1;24,1;0,71;1,91;20;0,07;39;2,11;47;0,14;25;130,56;10,17;3,3;7,6;3,3;16;16;-0,83;10;-0,83;12;0,3;17;0,1;22,4;74,6;22,4;8;207;-147;17;0;-15;15;8;19;1,29;17;0,84;0,98;1,91;49,4;-0,31;0,42;-0,18;0,52;126,4;0,23;-0,05;0,05;0,39;0,15;0,12;0,42;21;0,45;0,17;0,27;0,48;20,7;0,2;0,25;0,34;0,32;51,3;-0,19;0,1;0,22;0,21;0,31;0,22;-100,9;152,2;39,7;118;99;0;180
200006041502;3;0,63;1;36679;0,38;1;4;769;784;532;1;14,8;32;3,94;-7,4;11,5;0,78;3,28;2;0,17;19;8,06;44;0,14;12;83,14;3,15;4;4,2;4;35;57;-0,47;12;-0,5;12;0,28;17;0,27;30;90,1;30;5;48;-35;19;0;10;10;-23;91;1,25;4;0,33;1,21;2,18;74,7;-0,36;0,06;-0,81;0,36;170,5;-0,73;-0,79;0,79;-0,22;0,4;0,27;0,46;118,8;0,16;0,32;0,69;0,36;63,4;-0,03;0,73;0,8;0,73;92,4;0,19;0,33;0,53;0,38;0,65;0,53;32,3;60,1;26,4;54;77;0;152
200006080910;1;0,38;1;36683;0,62;1;5;985;998;774;9;24,9;4;9,64;-7,1;7,1;0,29;2,23;0;0,07;38;1,79;-5;0,04;30;104,87;8,83;7,6;9,8;7,6;10;9;-1,8;3;-1,77;3;0,24;42;0,31;90,1;70,8;70,8;7;132;-90;9;0;20;20;-18;42;3;3;2,74;1,23;2,22;24,2;2,74;1,23;0,05;3;24,2;-1,27;-2,92;2,92;0,69;-0,4;0,72;0,8;329,9;1,67;0,8;0,95;1,85;25,6;1,46;1,17;0,98;1,87;38,7;0,77;1,57;0,26;1,75;1,77;0,26;-25,2;63,9;56,7;360;77;0;181
200007100638;1;0,28;1;36714;0,36;1;4;594;604;487;6;19,1;2;4,65;-4,5;13,8;0,72;1,91;8;0,19;24;3,03;8;0,17;1;82,48;5,41;3,8;3,2;3,8;21;24;-0,48;4;-0,53;4;0,27;-2;0,2;108,6;30,4;30,4;4,67;39;-19;1;0;17;17;-10;89;2,62;6;0,6;2,55;1,24;76,8;0,78;2,3;-0,77;2,43;71,3;-0,18;-0,4;0,4;1,19;0,98;0,35;1,54;39,5;1,54;0,93;0,3;1,8;31,1;1,62;1,48;-0,16;2,19;42,4;0,43;0,5;-0,51;0,66;0,83;0,51;-6,9;49,3;17,2;360;77;0;309
200007130942;1;0,4;1;36718;0,51;1;5;913;930;667;1;24,6;4;8,2;-3,7;8,1;0,33;2,66;8;0,48;19;3,07;16;0,5;3;76,55;6,07;9;10,3;9;13;13;-1,56;4;-1,57;4;0,21;16;0,37;44,7;29,8;29,8;7;132;-43;11;0;18;18;-27;83;3,2;1;1,8;2,65;2,35;55,8;0,89;2,31;0,94;2,48;68,9;-2,25;-2,95;2,95;1,05;0,67;0,63;1,25;32,5;1,16;1,15;1,09;1,63;44,8;1,8;2,65;1,62;3,2;55,8;0,75;1,98;0,99;2,12;2,34;0,99;-13,4;69,3;20,7;360;77;1;279
200007141532;1;0,65;1;36719;0,43;1;4;781;785;782;4;15;2;5,86;-8,6;8,6;0,57;1,41;18;0,19;16;6,03;8;0,47;16;39,84;2,05;3,9;1,7;3,9;20;20;-0,29;19;-0,32;20;0,14;14;0,26;29,8;23,1;23,1;8;154;-50;20;0;17;17;-27;28;2,26;18;1,68;-1,51;1,31;318,1;1,59;-0,98;-0,88;1,87;328,4;-0,53;-1,17;1,17;-99,9;-99,9;-99,9;141,28;-999,9;-99,9;-99,9;-99,9;141,28;-999,9;-99,9;-99,9;-99,9;141,28;-999,9;-99,9;-99,9;-99,9;-99,9;-99,9;99,9;-864,9;225;0;144;77;15;236
200007261857;1;0,79;1;0;0;2;4;0;482;399;3;9,5;2;1,9;-7,9;7,9;0,83;2,61;26;0,72;13;10,3;2;0,29;22;6,74;1,2;0,4;0,8;0,4;14;2;-0,19;2;-0,15;2;0,15;26;0,04;19,9;35,6;19,9;4,67;39;-42;1;-99,9;-6;14;11;45;1,14;3;-1,07;-0,4;1,2;200,5;-0,58;-0,27;-0,77;0,64;205;0,02;-0,19;0,19;-0,38;0,26;-0,89;0,46;145,6;-0,5;0,04;-0,68;0,5;175,4;-0,97;-0,23;-0,88;1;193,3;-0,59;-0,49;0,01;0,77;0,77;0,01;-26,4;219,7;35;181;77;0;191
200007280634;1;0,27;1;36732;0,11;1;4;548;548;481;19;22,7;4;5,46;-11,9;11,9;0,52;2,01;5;0,15;37;6,89;32;0,19;8;78,35;9,8;2,4;3,4;2,4;12;24;-0,48;6;-0,56;6;0,2;0;0,11;35,6;82,4;35,6;5,67;67;-71;28;0;6;6;8;11;1,18;15;1,05;0,54;1,68;27,2;-0,59;-0,59;0,87;0,83;225;-0,15;-0,41;0,41;-0,9;0,08;0,27;0,9;174,9;-0,4;0,07;0,56;0,41;170,1;-0,41;0,02;0,18;0,41;177,2;0,49;-0,06;-0,09;0,49;0,5;0,09;-175,8;353;7,4;360;77;0;172
200008100501;1;0,21;1;36744;0,65;1;4;486;499;469;3;14,3;4;3,35;-13;13;0,91;2,41;2;0,09;17;0,97;4;0,08;16;88,49;4,33;2,6;5,2;2,6;28;28;-0,4;2;-0,39;2;0,22;22;0,18;49;37,8;37,8;5,67;67;-106;24;0;9;9;-31;19;2,45;4;-0,92;2,27;2,14;112,1;-0,55;1,37;0,6;1,48;111,9;0,02;-0,42;0,42;-0,35;1,37;0,24;1,41;104,3;-0,69;1,35;0,5;1,52;117,1;-0,54;1,35;0,48;1,45;111,8;-0,19;-0,02;0,24;0,19;0,31;0,24;-74,2;186;11,3;122;77;0;213
200008111846;2;0,78;1;36747;0,64;2;4;808;819;671;10;33,6;15;11,27;-26,4;26,4;0,79;2,43;2;0,05;38;0,6;43;0,03;14;356,2;16,43;2,7;6,1;2,7;30;18;-0,72;17;-1,25;12;0,73;14;0,08;37,8;67,2;37,8;7,67;179;-235;14;0;11;11;11;101;2,26;16;0,39;2,23;2,43;80,1;0,27;1,64;0,31;1,66;80,7;-0,17;-0,3;0,3;1,13;-0,17;-0,89;1,14;351,4;1,04;-0,4;-1,17;1,11;339;1,34;-0,08;-0,92;1,34;356,6;0,21;0,09;-0,03;0,23;0,23;0,03;-26,6;23,2;5,4;360;77;0;228
200009041333;3;0,56;1;36770;0,23;1;4;519;521;482;5;10,8;45;2,6;-6,7;6,7;0,62;2,29;46;0,34;4;3,98;-7;0,2;31;-1;-1;0,6;1,5;0,6;-10;-11;-0,15;46;-0,16;5;0,2;4;0,06;65,5;51,5;51,5;5,67;67;-36;9;0;-20;20;18;78;1,46;37;0,34;1,42;1,42;76,5;0,17;0,31;-0,68;0,35;61,3;0,06;-0,03;0,03;0,19;-0,13;-0,82;0,23;325,6;0,32;0,2;-0,55;0,38;32;0,45;0,45;-0,8;0,64;45;0,26;0,58;0,02;0,64;0,64;0,02;-20,9;65,9;38,3;142;0;0;191
200009061701;1;0,71;1;3;0,24;2;4;700;699;509;17;17,1;0;4,35;-3,9;12,1;0,71;4,37;21;1,03;13;1,57;7;0,1;15;29,16;5,85;1,8;2,8;1,8;6;6;-0,51;4;-0,55;4;0,2;18;0,11;51,5;38;38;4;27;-33;14;0;13;13;14;90;2,51;36;0,53;2,45;2,25;77,8;-1,01;1,22;-0,84;1,58;129,6;-0,42;-0,27;0,27;0,02;0,52;-0,29;0,52;87,8;0,26;0,52;-0,55;0,58;63,4;-0,1;1,19;-0,32;1,19;94,8;-0,12;0,67;-0,03;0,68;0,68;0,03;-5,4;100,2;15,5;145;0;0;162
200009151912;3;0,8;1;36781;0,48;2;4;522;519;545;37;16,5;26;4,5;-15,4;15,4;0,93;2,71;8;0,79;38;7,14;29;0,33;25;-1;-1;1,4;2;1,4;-1;-2;-0,34;43;-0,25;43;0,4;1;0,09;14,4;45,8;14,4;6,33;94;-68;27;0;-17;17;9;102;2,56;11;-0,39;2,53;2,45;98,8;0,68;0,62;-0,93;0,92;42,4;0,66;0,67;0,67;-0,11;0,74;-1,06;0,75;98,5;-0,35;0,85;-0,94;0,92;112,4;-0,57;1,25;-0,68;1,37;114,5;-0,46;0,51;0,38;0,69;0,78;0,38;-17,5;132;30,8;360;0;0;109
200009181444;1;0,61;1;36785;0,59;1;4;857;842;749;1;19,7;-2;7,38;-8,2;8,2;0,42;0,73;8;0,11;16;2,03;24;0,06;-2;-1;-1;0,5;2;0,5;-2;-2;-0,13;35;-0,16;1;0,62;21;0,03;21,7;143,3;21,7;6;80;-87;-2;0;13;13;7;16;0,83;3;0,82;-0,15;1,68;349,6;-99,9;-99,9;-0,88;-99,9;-999,9;0,01;0,08;0,08;0,34;0,34;-0,88;0,48;45;0,26;-0,11;-0,83;0,28;337,1;0,18;0,37;-1,04;0,41;64,1;-0,16;0,03;-0,16;0,16;0,23;0,16;-105,3;169,4;10,7;100;0;0;159
200010030054;3;0,04;1;36799;0,73;1;3;752;751;461;5;18,4;22;4,24;-11,6;16,6;0,9;1,94;0;0,16;26;2,03;-1;0,14;15;117,82;6,55;2,3;3,5;2,3;27;27;-0,6;37;-0,43;18;0,47;34;0,13;65,9;50,5;50,5;7,33;154;-143;43;0;-20;20;-42;87;2,03;12;-0,04;2,03;2,1;91,1;0,35;-0,37;-0,1;0,51;313,4;0,23;0,21;0,21;-0,46;-0,01;-0,19;0,46;181,2;-0,47;0,63;0,16;0,79;126,7;-0,43;0,43;0,16;0,61;135;0,03;0,44;0,35;0,44;0,56;0,35;48,9;86,1;58,6;170;77;0;227
200010050326;1;0,14;1;36801;0,83;1;4;749;749;531;11;26,3;2;6,98;-24,6;24,6;0,94;2,37;4;0,17;43;3,67;13;0,18;1;88,7;3,36;1,6;4,1;1,6;44;7;-0,49;5;-0,34;1;0,58;8;0,06;50,5;79,6;50,5;7,67;179;-182;9;0;-9;9;9;13;1,87;38;1,69;0,81;1,68;25,6;1,02;0,31;-1,45;1,07;16,9;0,18;0,15;0,15;0,02;-0,17;-0,29;0,17;276,7;-0,11;-0,14;-0,28;0,18;231,8;0,18;-0,72;-0,36;0,74;284;0,16;-0,55;-0,07;0,57;0,58;0,07;-2,2;286,2;34;360;77;0;183
200010122228;1;0,94;1;36808;0,97;1;4;584;583;532;65;20,5;2;5,45;-13,2;17,5;0,85;2,97;6;0,09;28;3,38;6;0,1;25;107,98;5,52;3,6;5,4;3,6;28;30;-0,64;0;-0,51;0;0,23;31;0,18;107,5;165,5;107,5;6,67;111;-107;39;0;1;1;14;62;1,53;13;1,46;0,45;2,37;17,1;-0,12;0,72;0,77;0,73;99,5;-0,98;-0,82;0,82;-0,56;0,22;0,27;0,6;158,6;-0,12;0,72;0,77;0,73;99,5;0;1,26;0,6;1,26;90;0,56;1,04;0,33;1,18;1,23;0,33;28,3;61,7;61,5;360;77;0;174
200010280954;2;0,41;1;36824;0,36;2;4;568;560;415;1;18,8;15;3,9;-17,1;17,1;0,91;3,65;9;0,14;22;4,27;10;0,04;19;60,2;5,39;7,7;11;7,7;18;17;-1,31;15;-1,56;14;0,42;23;0,41;83,9;40,1;40,1;6;80;-127;17;0;10;10;66;396;3,49;15;-0,77;-3,4;2,06;257,2;-0,77;-3,4;-0,89;3,49;257,2;-0,91;-1,04;1,04;-0,55;1,54;0,6;1,64;109,7;-0,54;1,91;1,17;1,98;105,8;-1,29;1,89;0,98;2,29;124,3;-0,74;0,35;0,38;0,82;0,9;0,38;-30,4;154,7;14;360;77;0;151
200011060947;3;0,41;1;36833;0,77;2;4;658;650;609;6;24,5;25;7,46;-11,7;20,6;0,84;2,33;1;0,07;14;1,62;1;0,03;17;97,79;5,53;7,8;10,5;7,8;19;19;-0,81;15;-0,81;15;0,71;29;0,32;55,4;92,7;55,4;7;132;-159;11;0;2;2;2;91;2,32;23;-1,34;1,9;4,18;125,2;0,12;0,57;0,83;0,58;78,1;0,01;-0,21;0,21;-0,23;-0,29;-0,09;0,37;231,6;-0,27;-0,06;0,14;0,28;192,5;0,06;0,13;0,34;0,14;65,2;0,29;0,42;0,43;0,51;0,67;0,43;9,8;55,4;125,7;360;77;0;160
200011261158;2;0,5;1;36854;0,2;1;4;755;756;633;23;27,7;10;8,77;-10,8;13,8;0,5;2,85;0;0,17;34;5,9;-2;0,19;9;176,27;10,32;6,9;8,4;6,9;21;21;-0,64;13;-0,79;13;0,27;23;0,25;4;41,5;4;6,33;94;-80;13;0;23;23;5;13;1,91;13;-0,33;-1,88;2,14;260;-0,33;-1,88;-1,39;1,91;260;-0,67;-0,88;0,88;-0,03;0,24;-0,31;0,24;97,1;-0,48;0,1;-0,31;0,49;168,2;-0,94;0,8;-0,35;1,23;139,6;-0,91;0,56;-0,04;1,07;1,07;0,04;-8,8;148,4;49,3;360;77;0;87
200101231048;1;0,45;1;36911;0,88;1;5;674;672;549;2;11,5;2;3,16;-4,4;7,6;0,66;2,48;5;0,68;17;11,66;12;1,03;1;14,28;1,6;2,8;3,2;2,8;15;15;-0,48;1;-0,45;1;0,16;18;0,24;36,8;23,2;23,2;4,67;39;-26;20;0;-7;7;-46;26;1,82;16;-1,65;-0,76;2,39;204,7;-1,05;0,23;0,18;1,07;167,6;-0,86;-1,02;1,02;-0,68;0,66;0,8;0,95;135,9;-0,53;0,23;0,53;0,58;156,5;-1,05;0,23;0,18;1,07;167,6;-0,37;-0,43;-0,62;0,57;0,84;0,62;-61,6;229,3;41,7;360;77;0;167
200101310805;1;0,34;1;36919;0,65;1;4;645;641;459;1;13,6;1;3,12;-10,6;10,6;0,78;3,02;1;0,45;34;6,06;17;0,94;35;16,99;3,09;1,7;3;1,7;7;7;-0,32;3;-0,44;1;0,41;14;0,13;76,1;136,9;76,1;3,33;27;-45;9;0;-4;4;59;79;1,38;3;-1,27;-0,54;2,07;203;-1,27;-0,54;1,47;1,38;203;-0,21;-0,5;0,5;-0,53;-0,35;0,94;0,64;213,4;-0,99;-0,65;1,33;1,18;213,3;-0,66;-0,77;1,06;1,01;229,4;-0,13;-0,42;0,12;0,44;0,46;0,12;-23,4;252,8;13,9;360;-4;0;128
200103031121;3;0,47;1;36950;0,63;2;4;608;601;579;61;14,1;52;4,08;-10,7;10,7;0,76;2,42;46;0,11;22;9,01;10;0,12;21;31,37;1,56;2;4,1;2;41;39;-0,38;1;-0,44;1;0,39;0;0,14;49,4;186,7;49,4;5;48;-73;38;0;-5;5;5;12;2,03;10;-1,36;1,51;1,83;132;0,18;0,32;1,27;0,37;60,6;0,01;-0,24;0,24;-0,25;0,49;0,89;0,55;117;-0,1;0,3;1,27;0,32;108,4;0,18;0,32;1,27;0,37;60,6;0,43;-0,17;0,38;0,46;0,6;0,38;82,2;338,4;26,1;232;77;0;110
200103221342;1;0,57;1;0;0;2;4;0;513;442;42;19,9;2;4,4;-6,5;14,2;0,71;4,08;3;0,44;46;20,56;43;0,24;1;10,1;10,41;1,1;1,7;1,1;1;12;-0,29;1;-0,51;1;0,25;24;0,06;36,7;89,3;36,7;5;48;-75;26;-99,9;-20;20;0;0;1,7;9;0,73;1,53;1,65;64,5;0,94;-0,06;-0,61;0,94;356,3;-0,59;-0,42;0,42;0,69;-0,27;-0,38;0,74;338,6;0,88;-0,38;-0,48;0,96;336,6;0,94;-0,06;-0,61;0,94;356,3;0,25;0,21;-0,23;0,33;0,4;0,23;-43,7;40;16,4;360;0;0;124
200103271747;1;0,74;1;36975;0,68;1;4;842;846;644;16;25,1;2;8,08;-17,4;17,4;0,69;3,02;0;0,12;25;13,34;40;0,21;13;20,08;15,47;4;3,9;4;1;5;-1,05;1;-0,89;1;0,57;2;0,16;16,6;79,1;16,6;6,33;94;-87;21;0;16;16;-25;11;2,91;0;-0,51;2,86;3,29;100,1;-1,1;2,6;0,47;2,82;112,9;-2,27;-1,65;1,65;-0,56;2,61;0,89;2,67;102,1;-0,51;2,86;0,53;2,91;100,1;-1,1;2,6;0,47;2,82;112,9;-0,54;-0,01;-0,42;0,54;0,68;0,42;-68,1;181,1;13,8;360;77;0;352
200104041455;1;0,62;1;36983;0,9;1;4;1004;1009;767;5;16,9;3;6,48;-4,9;11,3;0,67;4,08;9;0,31;45;2,55;34;0,28;12;62,59;6,4;2,7;6,6;2,7;8;8;-1,24;3;-1,29;3;0,51;31;0,16;110,1;74,1;74,1;5,33;56;-50;16;0;14;14;82;19;2,82;31;2,05;1,93;3,79;43,3;1,07;0,38;1,54;1,14;19,6;-1,04;-1,62;1,62;0,32;0,56;1,09;0,64;60,3;0,01;0,7;1,33;0,7;89,2;0,37;2,13;1,67;2,16;80,1;0,05;1,57;0,58;1,57;1,67;0,58;-8;88,2;25,2;244;77;0;201
200104081101;1;0,46;1;36987;0,8;1;5;1043;1042;781;5;18,5;4;7,22;-4,6;8,7;0,47;2,68;2;0,16;33;3,93;8;0,15;30;62,16;7,04;7,1;8,3;7,1;7;7;-1,9;3;-1,98;3;0,65;15;0,38;18;74,7;18;7;132;-63;18;0;-21;21;-31;21;2,73;6;-1,97;1,89;4,2;136,2;-0,47;-0,78;-3,13;0,91;238,9;-0,7;-1,15;1,15;0,68;-0,86;-0,2;1,1;308,3;1,01;-0,83;-1,25;1,31;320,6;0,71;-0,67;-1,03;0,98;316,7;0,03;0,19;-0,83;0,19;0,85;0,83;-124,4;81;36,9;360;77;0;173
200104180046;1;0,03;1;36996;0,55;1;4;699;702;518;5;23,8;3;6,16;-13,2;13,2;0,56;3,33;12;0,33;26;2,13;12;0,31;25;70,87;5,55;2,2;3,5;2,2;17;16;-0,46;11;-0,42;10;0,3;-2;0,09;113,2;37,2;37,2;7,33;154;-114;5;0;-20;20;85;36;2,66;31;-0,95;2,48;2,4;111;-99,9;-99,9;-99,9;141,28;-999,9;0,55;5,48;5,48;-0,56;0,97;-0,57;1,12;120;-0,48;0,82;-1,61;0,95;120,3;-0,39;0,45;-0,67;0,6;130,9;0,17;-0,52;-0,1;0,55;0,56;0,1;-157,2;288,1;23;167;77;237;57
200104280500;2;0,21;1;37007;0,48;1;4;1000;1017;724;1;19,9;9;7,2;-12,3;12,3;0,62;2,54;5;0,05;17;1,96;1;0,07;12;122,05;6,13;7,9;9,7;7,9;19;20;-0,99;0;-1,01;0;0,2;13;0,4;100;125;100;6;80;-47;20;0;17;17;31;113;2,59;7;-0,07;2,59;2,72;91,5;-0,73;1,64;-0,8;1,8;114;-1,48;-1,8;1,8;-0,21;0,96;0,63;0,98;102,3;-0,73;1,64;-0,8;1,8;114;-1;0,84;0,78;1,31;140;-0,79;-0,12;0,15;0,8;0,81;0,15;-48,7;188,6;31,9;360;77;0;161
200105271459;1;0,62;1;37035;0,81;1;3;616;619;586;2;13,9;2;4,07;-8,2;8,2;0,59;2,58;2;0,06;22;1,54;-5;0,05;30;49,75;3,04;3,9;4,3;3,9;18;14;-0,54;2;-0,48;2;0,38;23;0,28;106;113;106;4,33;32;-42;27;0;7;7;-29;14;3,18;7;0,94;3,04;2,69;72,8;0,77;1,28;0,21;1,49;59;-0,56;-1,15;1,15;0,54;0,03;-0,2;0,54;3,2;0,43;0,12;-0,38;0,45;15,6;0,96;-0,19;0,24;0,98;348,8;0,42;-0,22;0,44;0,47;0,65;0,44;16,5;332,4;36,9;112;77;0;182
200108171103;1;0,46;1;37117;0,48;2;4;581;614;599;14;32,1;5;9,61;-11,9;22,1;0,69;2,74;5;0,14;35;10,2;47;0,15;17;163,4;18,95;6,3;8,2;6,3;14;15;-0,98;9;-1,11;9;0,46;21;0,2;119,5;94,9;94,9;7;132;-105;9;0;16;16;36;72;4,41;5;0,37;4,39;3,99;85,2;2,65;0,12;0,29;2,65;2,6;-0,73;-1,04;1,04;0,27;2,51;1,29;2,52;83,9;0,01;2,89;0,8;2,89;89,8;0,45;3;0,95;3,03;81,5;0,18;0,49;-0,34;0,52;0,62;0,34;11,6;69,8;9,9;360;77;0;178
200108271952;1;0,83;1;37128;0,68;1;5;807;807;576;9;19,5;2;5,62;-6,2;11,9;0,61;2,25;0;0,38;43;3,05;-8;0,58;1;49,03;2,84;6,5;6,6;6,5;23;23;-0,74;1;-0,75;1;0,3;25;0,33;55,9;66,3;55,9;4,67;39;-24;61;0;-17;17;-34;41;4,29;19;-1,09;4,15;1,78;104,7;-0,2;2,23;-1,16;2,24;95,1;-1,2;-1,82;1,82;-0,33;1,32;-1,13;1,36;104;-0,38;1,57;-1,23;1,62;103,6;-0,2;2,23;-1,16;2,24;95,1;0,13;0,91;-0,03;0,92;0,92;0,03;13,3;81,9;14,4;360;0;0;170
200109252025;1;0,85;1;37158;0,4;1;5;1191;1214;677;1;26,1;2;8,83;-10,3;10,3;0,4;5,83;11;0,24;-2;8,1;7;0,17;15;56;5,86;8,3;10,6;8,3;10;10;-1,99;1;-2,25;1;0,3;41;0,32;630,2;85,3;85,3;7,33;154;-102;4;0;-16;16;-23;66;1,84;15;-1,44;-1,15;4,51;218,6;0,92;1,25;-3,53;1,55;53,6;-4,23;-5,11;5,11;-0,3;0,93;-3,23;0,98;107,9;0,38;0,8;-3,94;0,89;64,6;0,92;1,25;-3,53;1,55;53,6;1,22;0,32;-0,3;1,26;1,3;0,3;38,9;14,7;19,2;360;0;0;305
200110111701;1;0,71;1;37173;0,45;2;5;766;769;571;11;26,5;4;7,57;-11,7;18,8;0,71;3,71;1;0,06;14;5,43;6;0,07;13;92,93;12,37;7;8;7;10;9;-1,48;4;-1,31;4;0,23;47;0,26;72;75;72;6;80;-71;18;0;-28;28;-8;63;3,81;4;0,79;3,73;2,5;78;0,79;3,73;0,85;3,81;78;-0,53;-1,52;1,52;-0,18;0,87;1,02;0,89;101,7;-0,07;1,22;-0,69;1,22;93,3;0,35;2,16;-0,89;2,19;80,8;0,53;1,29;-1,91;1,39;2,36;1,91;13,1;67,7;73,5;360;77;0;175
200110211648;2;0,7;1;37183;0,68;1;4;855;858;676;9;28,4;6;9,6;-16,9;16,9;0,6;3,21;0;0,11;41;2,26;-1;0,14;14;119,44;12,5;5,4;9,9;5,4;11;8;-1,37;5;-1,41;2;0,4;24;0,19;45,8;88;45,8;7,67;179;-187;4;0;15;15;29;30;1,38;0;-0,98;0,97;2,6;135,3;0,46;0,38;0,54;0,6;39,6;-0,36;-1,66;1,66;-0,97;0,99;1,03;1,39;134,4;-0,98;0,97;1,2;1,38;135,3;-0,64;0;1,8;0,64;180;0,33;-0,99;0,77;1,04;1,3;0,77;-108,4;288,4;41,4;360;77;0;238
200110250850;1;0,37;1;37186;0,6;1;5;626;626;449;6;11,4;4;2,56;-3,7;5,4;0,47;2,08;22;0,08;-5;23,07;24;0,8;39;16,55;2,57;1,7;2,1;1,7;9;13;-0,4;0;-0,3;1;0,25;10;0,15;88;42,2;42,2;3;15;-42;-13;0;-21;21;-18;64;2,21;4;-0,71;2,09;1,48;108,8;-0,05;1,06;-1,16;1,06;92,7;-0,8;-0,88;0,88;-0,33;1,05;-0,78;1,1;107,4;-0,05;1,06;-1,16;1,06;92,7;-0,34;1,73;-1,16;1,76;101,1;-0,01;0,68;-0,38;0,68;0,78;0,38;10,3;90,8;5,6;360;0;0;233
200110280319;1;0,14;1;1;0,61;1;5;686;687;502;2;19,5;1;4,89;-9,9;9,9;0,51;2;18;0,22;46;2,26;34;0,07;41;45,17;5,21;1,9;5,2;1,9;11;6;-0,34;0;-0,78;0;0,37;13;0,1;29,3;82,5;29,3;6,67;111;-157;7;0;-16;16;21;46;1,83;29;1,34;1,24;4,18;42,8;0,18;-0,05;2,74;0,19;344,5;-0,7;-0,81;0,81;0,23;0,39;0,88;0,45;59,5;0,18;-0,05;2,74;0,19;344,5;-0,04;-0,3;1,12;0,3;262,4;-0,27;-0,69;0,24;0,74;0,78;0,24;13,8;248,6;41,5;360;77;0;215
200111060152;1;0,08;1;37199;0,67;1;4;1229;1237;729;20;65,6;2;23,91;-61;61;0,93;2,34;-9;0,18;22;999,99;0;0,04;29;-1;37,55;12,4;16,6;12,4;16;16;-2,1;0;-2,52;0;0,67;-1;0,19;50,9;135,1;50,9;8,67;300;-292;4;0;6;6;18;54;4;4;3,28;2,29;3,13;34,9;0,87;-0,66;0,71;1,09;322,8;-2,31;-2,88;2,88;0,83;-0,82;-1,13;1,17;315,3;0,87;-0,66;0,71;1,09;322,8;0,51;-0,4;2;0,65;321,9;-0,32;0,42;3,13;0,53;3,17;3,13;-165,4;127,3;116,2;360;77;8;232
200111240556;1;0,25;1;37217;0,94;2;4;1323;0;1040;9;56,9;5;29,59;-33;42,7;0,75;3,09;4;0,06;27;4,05;1;0,01;11;380,05;18,64;9,2;12,3;9,2;23;18;-2,39;4;-2,62;4;1,88;6;0,16;58,9;73,1;58,9;8,33;236;-221;10;0;-15;99;34;58;3,19;26;3,14;0,57;3,28;10,3;2,16;1,19;-0,8;2,47;28,9;-1,82;-2,55;2,55;0,65;0,18;0,14;0,67;15,5;0,55;0,18;0,97;0,58;18,1;1,14;1,37;0,59;1,78;50,2;0,49;1,19;0,45;1,29;1,36;0,45;-17,4;67,6;34,2;0;0;0;111
200112290538;2;0,23;1;37251;0,19;1;4;568;571;449;2;23,2;7;5,21;-6,1;19,5;0,84;3,37;17;0,26;-2;3,31;15;0,87;6;86,66;10,91;2,2;2,4;2,2;13;16;-0,58;1;-0,59;1;0,21;18;0,1;35,6;23,4;23,4;4;27;-1;20;0;8;8;54;135;0,89;12;0,61;0,65;0,65;46,8;-0,31;0,76;1,36;0,82;112,2;-1,14;-1,25;1,25;-0,18;0,41;1,16;0,45;113,7;-0,38;0,55;1,12;0,67;124,6;-0,31;0,76;1,36;0,82;112,2;-0,13;0,35;0,2;0,37;0,42;0,2;1,8;110,4;10;212;77;13;221
200112302029;1;0,85;1;37253;0,83;1;4;858;858;648;4;20,5;2;6,64;-5,3;12,5;0,61;3,31;1;0,55;46;1,1;10;0,38;-2;106,77;2,98;7,4;8,2;7,4;46;24;-0,96;6;-0,84;6;0,42;1;0,36;15,5;49,5;15,5;4,67;39;-48;35;0;-24;24;-90;43;2,69;0;-0,45;2,65;2,79;99,6;-0,17;1,68;0,37;1,69;95,8;0,22;-0,26;0,26;-0,77;2,27;1,29;2,4;108,7;-0,45;2,65;0,62;2,69;99,6;-0,16;2,23;0,45;2,24;94,1;0,61;-0,04;-0,84;0,61;1,04;0,84;97,9;356,2;21,8;360;0;0;216
200203181322;3;0,56;1;37330;0,92;1;4;657;661;469;2;22,5;17;5,28;-10,6;17;0,76;5,45;-1;0,47;41;10,16;3;0,02;37;128,16;6,04;5,1;6,4;5,1;34;34;-0,47;9;-0,43;9;0,41;45;0,23;77,4;48,1;48,1;5,33;56;-37;16;0;-8;8;3;153;1,31;46;0,49;-1,22;1,52;291,9;0,75;0,54;-0,42;0,92;35,8;-0,58;-0,56;0,56;0,02;-0,65;0,28;0,65;271,8;-0,22;-0,63;-0,2;0,67;250,8;-0,28;0,08;-0,54;0,29;164,1;-0,3;0,73;-0,82;0,79;1,14;0,82;51,7;112,3;118,7;360;77;0;138
200203201328;1;0,56;1;3;0,09;1,5;4;702;703;576;2;20,1;1;5,79;-7,4;11;0,55;2,66;4;0,27;29;3,37;16;0,02;-2;26,46;8,15;4,4;3,7;4,4;3;3;-1,73;1;-1,52;1;0,35;8;0,22;48,1;37,5;37,5;4,33;32;-18;-2;0;-8;8;31;104;2,55;2;-0,53;-2,49;2,9;258;-0,55;-1,62;2,27;1,71;251,2;-2,48;-3,7;3,7;0,37;-1,29;1,6;1,34;286;0,01;-1,12;2,56;1,12;270,5;-0,55;-1,62;2,27;1,71;251,2;-0,92;-0,33;0,67;0,98;1,18;0,67;51,5;199,7;21,6;360;77;0;127
200203231137;3;0,48;1;1;0,66;2;4;612;626;504;12;15,5;33;3,91;-8,7;8,7;0,56;1,34;1;0,14;28;1,38;-2;0,04;33;60,73;3,16;1,7;4,2;1,7;26;26;-0,38;2;-0,35;26;0,44;28;0,11;32,6;37,4;32,6;6;80;-100;21;0;-17;20;20;215;2,77;8;0,3;2,75;2,27;83,8;0,23;1,51;-1,58;1,53;81,3;-0,02;-0,44;0,44;0,35;1,45;-0,49;1,49;76,4;0,24;1,84;-0,89;1,86;82,6;0,53;1,74;-1,19;1,82;73,1;0,18;0,29;-0,7;0,34;0,78;0,7;14,9;58,2;15,3;360;77;0;158
200204171107;1;0,46;1;37361;0,13;1;4;742;745;611;11;30,4;1;9,29;-15,8;15,8;0,52;3,39;2;0,06;28;2,51;-5;0,02;31;136,02;8,95;6,2;9,2;6,2;21;21;-1,03;1;-1,33;1;0,41;24;0,2;70,5;45,5;45,5;7,33;154;-127;19;0;-15;15;1;121;3,01;23;1,37;2,68;2,37;62,9;0,44;1,26;-1,34;1,33;70,8;-1,71;-2,54;2,54;0,59;0,21;-1,73;0,63;19,6;0,23;0,55;-1,89;0,6;67,3;0,44;1,26;-1,34;1,33;70,8;-0,15;1,05;0,39;1,06;1,13;0,39;-27,4;98,1;35,2;360;77;0;146
200205111014;2;0,43;1;37384;0,54;1;4;600;602;523;27;19,4;6;5,07;-15,2;15,2;0,78;3,38;14;0,94;46;2,99;0;0,19;7;56,3;2,8;1,4;3,8;1,4;37;13;-0,3;8;-0,46;4;0,26;6;0,07;22,8;52,8;22,8;6,67;111;-110;8;0;-12;12;7;61;0,98;39;-0,51;-0,84;1,37;238,7;-0,3;0,24;-1,08;0,38;141,3;-0,06;-0,13;0,13;-0,21;0,29;-0,9;0,36;125,9;-0,09;0,39;-1,08;0,4;103;-0,29;0,05;-0,6;0,29;170,2;-0,08;-0,24;0,3;0,25;0,39;0,3;-81,3;251,6;18,1;360;77;0;214
200205182008;2;0,84;1;37392;0,01;1;4;612;612;486;1;19,5;8;4,74;-10;10;0,51;2,58;13;0,65;29;2,37;-6;0,23;8;63,53;7,65;3;4,6;3;11;11;-0,46;0;-0,45;3;0,24;9;0,15;125,1;31,5;31,5;5,33;56;-58;9;0;-20;20;14;67;2,17;4;-0,44;2,13;1,5;101,7;0,26;0,72;-1,23;0,77;70,1;-0,68;-1,08;1,08;0,23;0,81;-0,58;0,84;74,1;0,26;0,72;-1,23;0,77;70,1;-0,35;1,36;-1,33;1,4;104,4;-0,58;0,55;-0,75;0,8;1,1;0,75;-32,1;136,5;25;360;0;0;144
200205200340;1;0,15;1;37393;0,66;2;4;695;695;499;2;13,8;1;3,44;-4,2;5,8;0,42;2,73;2;0,31;39;3,11;2;0,22;16;28,65;2,74;1,6;2,2;1,6;14;16;-0,21;9;-0,2;13;0,3;36;0,12;31,5;42,4;31,5;3,33;18;-36;22;0;-25;25;-47;24;1,49;29;0,02;-1,49;1,37;270,8;-0,45;0,77;-0,5;0,89;120,3;-0,12;-0,21;0,21;-0,26;0,48;-0,34;0,55;118,4;-0,41;0,59;-0,33;0,72;124,8;-0,27;0,62;-0,33;0,68;113,5;-0,01;0,14;0,01;0,14;0,14;0,01;19,4;94,1;7,3;36;77;0;166
200205212203;3;0,92;1;2;0,45;2;3;499;501;440;31;15,2;31;3,34;-3,8;7,3;0,48;2,02;10;0,24;21;6,43;24;0,35;34;20,5;1,88;1,2;2,3;1,2;21;20;-0,21;20;-0,22;20;0,33;31;0,08;42,4;36,8;36,8;6,67;22;-12;12;0;-10;10;-37;87;1,85;1;-1,85;-0,03;1,49;180,9;0,11;-0,13;-0,06;0,17;310,2;-0,15;-0,29;0,29;-1,14;-0,17;-0,97;1,15;188,5;-1,66;-0,16;-0,52;1,67;185,5;-1,85;-0,03;0,35;1,85;180,9;-0,71;0,14;1,32;0,72;1,51;1,32;12,1;168,8;51,3;46;0;0;188
200205231050;1;0,45;1;3;0,89;1;3;1108;1328;871;6;38,2;2;16,64;-14,1;17,6;0,46;4,8;38;0,26;14;1,21;5;0,01;24;114,3;25,09;6,6;9,6;6,6;5;8;-1,63;3;-2,34;1;0,52;2;0,17;36,8;87,2;36,8;8,33;236;-109;6;0;17;17;-38;40;2,93;1;2,67;1,21;2,18;24,4;1;0,46;-1,41;1,1;24,7;-3,29;-2,71;2,71;-0,34;0,04;-0,44;0,34;173,3;0,18;-0,2;-0,16;0,27;312;2,67;1,21;0,43;2,93;24,4;3,01;1,17;0,87;3,23;3,34;0,87;3,1;21,2;129,4;360;77;0;211
200206081140;1;0,49;1;37412;0,39;2;3;560;580;440;23;13;2;2,86;-4,9;6,7;0,52;3,7;-10;0,79;23;7,44;-2;0,51;4;-1;-1;0,6;1,1;0,6;-1;8;-0,2;-7;-0,21;-7;0,23;1;0,05;162,9;31,3;31,3;4;27;-21;20;0;-23;23;-24;57;1,09;3;-0,15;1,08;0,95;97,9;0,11;0,79;-0,17;0,8;82,1;0,42;0,44;0,44;0,01;0,67;-0,25;0,67;89,1;-0,13;0,49;-0,42;0,51;104,9;-0,13;0,55;-0,22;0,57;103,3;-0,14;-0,12;0,03;0,18;0,19;0,03;-117,3;220,6;13,2;360;0;0;185
200207171604;1;0,67;1;37452;0,83;1;4;943;945;519;2;15;1;3,89;-3,8;6,1;0,41;2,82;4;0,55;34;5,35;9;0,19;34;21,44;1,76;4,3;4,6;4,3;22;22;-0,56;2;-0,62;2;0,4;32;0,29;35,1;43,1;35,1;5;48;-17;18;0;19;19;1;15;1,77;28;1,54;-0,88;2,76;330,3;0,79;0,99;1,82;1,27;51,4;-0,85;-1,48;1,48;0,18;0,73;1,21;0,75;76,1;0,58;0,46;1,28;0,74;38,4;0,72;0,77;1,58;1,05;46,9;0,54;0,04;0,37;0,54;0,66;0,37;42,7;4,2;15,8;360;77;0;147
200207291321;1;0,56;1;37463;0,87;1;4;644;651;519;3;16,9;1;4,39;-6,8;8,5;0,5;3,31;9;0,63;-1;1,61;-2;0,28;0;23,07;4,19;2,5;1,9;2,5;6;13;-0,72;1;-0,73;1;0,29;27;0,15;39,4;59,7;39,4;4,33;32;-21;50;0;-19;19;-26;38;1,7;41;0,35;1,66;1,15;78,1;0,03;1,34;-0,42;1,34;88,7;-1,3;-1,56;1,56;0,26;0,59;-0,1;0,64;66,2;0,34;0,66;-0,29;0,74;62,7;0,03;1,34;-0,42;1,34;88,7;-0,23;0,75;-0,32;0,78;0,85;0,32;-18,3;107;23,5;360;0;0;293
200208010105;2;0,05;1;37465;0,96;1;3;561;567;461;6;14,4;7;3,32;-12,9;12,9;0,9;3,53;4;0,16;19;0,62;-10;0,18;2;58,4;4,19;1;1,5;1;19;19;-0,71;17;-0,57;17;0,44;14;0,07;59,7;22,1;22,1;5,33;56;-51;11;0;11;11;12;26;2,4;16;1,29;2,02;1,19;57,4;1,38;1,8;-0,18;2,27;52,5;0,08;0,02;0,02;-0,42;0,94;-0,11;1,03;114,1;-0,48;0,88;-0,15;1;118,6;-0,45;0,77;0;0,89;120,3;-0,03;-0,17;0,11;0,17;0,2;0,11;-139,7;260;8,7;173;-5;0;207
200208012309;1;0,96;1;1;0,44;1;3;491;496;524;6;15,7;1;4,11;-13,1;13,1;0,83;1,02;4;0,12;13;0,99;23;0,08;13;55,87;4,69;2,7;3,8;2,7;14;14;-0,71;7;-0,57;7;0,44;4;0,17;22,1;46,8;22,1;6;80;-102;5;0;-11;11;17;46;1,99;8;0,52;1,92;2,76;74,8;0,87;1,41;-1,83;1,66;58,3;0,38;0,5;0,5;0,59;1,68;-0,3;1,78;70,6;0,19;1,55;-0,4;1,56;83;0,16;1,16;-0,58;1,17;82,1;-0,43;-0,52;-0,28;0,67;0,73;0,28;-148,3;230,4;20;236;77;0;207
200208181846;2;0,78;1;37484;0,48;1;4;752;759;573;1;14,3;12;4,1;-7,7;8,5;0,59;3,32;2;0,08;28;2,78;6;0,17;25;78,55;2,8;4,7;6,5;4,7;35;30;-0,47;9;-0,5;9;0,32;3;0,33;98,8;43,2;43,2;5,33;56;-71;29;0;-14;14;-20;95;2,5;10;0,08;2,5;2,5;88,2;0,32;2,33;0,89;2,35;82,2;-0,28;-0,48;0,48;-0,71;0,27;1,17;0,76;159,2;-0,81;0,46;1,16;0,93;150,4;-0,65;0,9;1,39;1,11;125,8;0,06;0,63;0,22;0,63;0,67;0,22;41,3;84,6;20,1;360;77;0;270
200209071636;1;0,69;1;37504;0,68;1;4;860;863;550;2;22,9;1;6,3;-22,3;22,3;0,97;2,93;10;0,22;47;1,66;28;0,24;34;98,72;9,17;4,6;6,8;4,6;14;12;-0,8;3;-0,78;2;0,36;-2;0,2;2573,8;277,4;277,4;7,33;154;-181;7;0;9;9;-28;77;1,64;-1;0,34;1,6;2,98;78;0,01;0,03;1,53;0,03;71,6;0,19;-0,64;0,64;0,34;1,6;0,07;1,64;78;0,34;1,11;-0,71;1,16;73;0,57;0,55;-0,01;0,79;44;0,23;-1,05;-0,08;1,07;1,08;0,08;121,6;282,4;34,2;360;77;0;206
200211091751;3;0,74;1;37564;0,42;2;0;325;0;459;37;16,9;36;3,88;-11,8;14,7;0,87;3,41;31;0,16;-4;4;12;0,22;35;125,87;5,42;3,8;4,4;3,8;37;39;-0,4;20;-0,41;20;0,14;33;0,23;119,9;42,7;42,7;5;48;-32;39;0;-8;8;-31;128;1,3;39;0,19;1,29;1,6;81,6;0,18;0,34;-1,67;0,38;62,1;-0,13;-0,17;0,17;-0,01;-0,06;-0,75;0,06;260,5;-0,16;-0,2;-0,79;0,26;231,3;0,03;0,25;-0,56;0,25;83,2;0,04;0,31;0,19;0,31;0,37;0,19;0,5;82,6;28,8;0;99;0;199
200211262150;1;0,91;1;0;0;2;4;0;835;592;5;26,4;2;7,81;-6,1;7,9;0,3;2,81;3;0,31;-3;3,18;24;0,39;1;80,28;5,31;2,4;3,4;2,4;21;24;-0,65;1;-1,08;1;0,47;4;0,09;154,7;102,2;102,2;5;48;-64;8;-99,9;20;20;-35;43;2,65;7;-0,09;2,65;1,46;91,9;-1,23;0,85;0,7;1,5;145,4;-1,09;-1,59;1,59;0,13;0,65;0,45;0,66;78,7;-0,15;0,42;1,1;0,45;109,7;-1,23;0,85;0,7;1,5;145,4;-1,36;0,2;0,25;1,37;1,4;0,25;-26,3;171,6;57,7;360;-11;0;76
200304080111;2;0,05;1;37715;0,8;1;4;532;546;470;18;16,3;10;3,83;-7,8;7,8;0,48;3,58;5;0,74;-1;6,1;-1;0,57;27;77,54;3,62;1,9;2,7;1,9;31;31;-0,46;9;-0,35;9;0,26;11;0,12;14,2;33,8;14,2;4,67;39;-41;29;0;8;8;65;95;1,22;28;-0,71;0,99;1,22;125,6;0,23;0,39;-0,55;0,45;59,5;0;0,17;0,17;-0,55;0,4;-0,54;0,68;144;-0,38;0,58;-0,37;0,69;123,2;-0,52;0,41;-0,41;0,66;141,7;0,03;0,01;0,13;0,03;0,13;0,13;123,3;18,4;6,9;158;0;0;55
200305291224;3;0,52;1;37768;0,96;1;4;1109;1126;764;8;28,4;19;10,85;-11,6;25,6;0,9;1,1;11;0,16;1;4,26;10;0,12;25;241,05;11,5;7,7;9,1;7,7;24;24;-0,91;6;-0,91;10;0,41;26;0,27;59,4;28,6;28,6;8,33;236;-144;10;0;-7;7;17;17;1,57;7;0,4;-1,52;3,63;284,7;0,35;-0,77;0,81;0,85;294,4;-0,51;-0,33;0,33;0,64;0,3;-2,34;0,71;25,1;0,35;0,05;-2,38;0,35;8,1;0,08;-0,24;-1,85;0,25;288,4;-0,56;-0,54;0,49;0,78;0,92;0,49;64,5;224;19,3;360;77;0;89
200310280206;1;0,09;1;37920;0,72;1;4;1269;1279;809;11;19,2;2;7,77;-10,3;10,3;0,54;-1;-99;-1;-99;999,99;21;0,07;0;48,99;9,4;3,8;3,5;3,8;5;5;-0,64;1;-0,59;2;1,13;25;0,2;31;28,1;28,1;4,67;39;-42;22;0;2;2;38;120;6,23;2;-1,69;6;2,88;105,7;-1,12;4,77;-1,46;4,9;103,2;-1,01;-1,62;1,62;-0,26;2,14;-1,65;2,16;96,9;-0,77;3,17;-1,05;3,26;103,7;-1,12;4,77;-1,46;4,9;103,2;-0,86;2,63;0,19;2,77;2,77;0,19;-4,9;108,1;21,6;171;77;1;247
200311040625;1;0,27;1;37927;0,71;1;5;1112;1115;754;7;19,7;2;7,43;-7,4;14,8;0,75;2,73;2;0,46;46;5,8;12;0,74;-2;44,83;8,41;2,6;4,8;2,6;4;4;-0,95;1;-1,11;3;0,45;7;0,13;110,4;61,2;61,2;7;132;-69;3;0;-14;14;56;36;2,66;33;1,78;1,97;2,82;47,9;1,2;1,9;-0,51;2,25;57,7;0;0;0;0,39;1,43;-1,45;1,48;74,7;0,68;1,39;-1,48;1,55;63,9;1,2;1,9;-0,51;2,25;57,7;0,81;0,47;0,94;0,94;1,33;0,94;27,6;30,1;34,8;360;0;39;64
200311200803;2;0,34;1;37943;0,31;1;4;854;872;703;3;55,8;7;19,61;-45,9;45,9;0,82;2,52;-1;0,2;22;999,99;34;0,01;6;345,41;36,79;4,7;13,7;4,7;18;17;-0,95;2;-1,28;5;1,22;8;0,08;96;51;51;8,67;300;-422;11;0;0;0;-18;43;2,65;17;2,59;0,57;3,09;12,4;0,8;1,88;-0,11;2,04;66,9;0;0;0;0,71;0,59;0,33;0,92;39,7;0,85;1,09;0,6;1,38;52,1;0,65;1,87;-0,16;1,98;70,8;-0,06;1,28;-0,49;1,28;1,37;0,49;-21,9;92,7;39,1;360;77;0;111
200401220137;2;0,07;1;38005;0,92;1;4;806;831;666;1;25,4;8;8,46;-15;15;0,59;2,19;2;0,15;34;2,16;2;0,11;25;81,14;10,36;8,6;11,1;8,6;8;11;-1,47;6;-1,41;6;0,31;11;0,34;69,6;37,4;37,4;7;132;-149;11;0;-13;13;9;163;4,32;6;0,48;4,29;2,29;83,6;0,48;4,29;-1,64;4,32;83,6;-1,86;-1,9;1,9;0,25;0,24;-1,12;0,35;43,8;0,8;0,82;-2,1;1,15;45,7;1,24;2,37;-1,6;2,67;62,4;0,99;2,13;-0,48;2,35;2,4;0,48;-2,7;65,1;43;360;77;0;80
200404090233;1;0,11;1;38083;0,52;1;4;670;675;533;3;9,4;1;2,51;-4,5;4,5;0,48;1,9;2;0,79;29;3,32;-4;1,07;-6;8,23;1,26;1,1;1,1;1,1;14;29;-0,21;11;-0,24;11;0,24;30;0,12;79,5;41,6;41,6;4,67;39;-35;1;0;-18;18;-15;76;1,17;17;0,06;1,17;1,19;87,1;0,11;0,87;-1,48;0,88;82,8;0,02;0;0;0,01;0,6;-0,96;0,6;89;-0,23;0,43;-1,25;0,49;118,1;-0,05;0,34;-1,12;0,34;98,4;-0,06;-0,26;-0,16;0,27;0,31;0,16;-158,6;257;15,4;360;0;0;23
200404102010;1;0,84;1;38085;0,41;1;4;713;714;496;1;11,6;1;2,88;-3,9;4,9;0,42;2,22;8;0,67;29;2,22;17;0,82;1;10,85;1,57;1,4;1,5;1,4;13;13;-0,51;10;-0,4;10;0,34;42;0,12;41,6;44,8;41,6;3,67;22;-29;5;0;-17;17;11;54;1,7;2;0,01;1,7;1,34;89,7;-0,66;0,68;-0,77;0,95;134,1;-0,34;-0,65;0,65;-0,05;0,91;-1,65;0,91;93,1;0,06;0,93;-1,64;0,93;86,3;0,25;1,26;-1,48;1,28;78,8;0,3;0,35;0,17;0,46;0,49;0,17;29,4;49,4;14,5;360;0;0;20
200404261604;3;0,67;1;38102;0,21;1;0;1186;0;506;-13;8,2;27;2,07;-4,3;5,4;0,66;2,01;-1;0,34;21;4,59;18;0,26;2;6,38;1,51;0,8;0,6;0,8;8;7;-0,17;-5;-0,15;-5;0,17;-4;0,1;55,1;40,9;40,9;2,33;9;-13;-12;0;15;15;-37;40;1,2;2;0,7;0,97;1,21;54,2;-0,16;1,06;-0,36;1,07;98,6;-0,14;-0,14;0,14;0,03;0,63;-0,22;0,63;87,3;0,53;0,91;-0,23;1,05;59,8;0,38;1,13;-0,02;1,19;71,4;0,35;0,5;0,2;0,61;0,64;0,2;16,4;55;24;0;77;0;51
200407221036;2;0,44;1;38188;0,52;1;4;899;913;672;14;18,9;10;6,35;-15,5;15,5;0,82;3,2;4;0,09;40;2,18;1;0,01;17;115,58;5,32;4,3;6,6;4,3;23;22;-0,58;7;-0,74;11;0,56;12;0,23;67,6;43,6;43,6;7;132;-101;15;0;10;10;-35;23;2,08;16;0,2;-2,07;2,08;275,5;0,19;-0,61;0,07;0,64;287,3;0,01;0;0;0,77;0,45;0,2;0,89;30,3;0,24;0,71;0,16;0,75;71,3;0,09;0,68;0,11;0,69;82,5;-0,68;0,23;-0,09;0,72;0,72;0,09;-78,9;161,3;51,3;360;77;0;138
200407240613;3;0,26;1;2;0,29;1;3;878;882;692;40;23,6;33;8,17;-21,9;21,9;0,93;4,89;32;0,11;-2;2,88;35;0,03;13;90,92;11,52;4,6;5,3;4,6;9;9;-0,91;0;-0,91;6;0,64;14;0,2;43,6;64,6;43,6;8;207;-148;28;0;5;5;-14;6;2,84;5;-0,8;2,73;2,8;106,3;-1,5;1,03;-0,03;1,82;145,5;-1,31;-1,57;1,57;-1,02;-0,48;0,57;1,13;205,2;-1,5;1,03;-0,03;1,82;145,5;-0,97;1,98;-0,12;2,2;116,1;0,05;2,46;-0,69;2,46;2,56;0,69;27,3;88,8;90,6;151;77;0;113
200407262249;2;0,95;1;38193;0,6;1;5;1279;1290;1027;6;26,1;6;13,4;-17,7;17,7;0,68;3,33;1;0,06;10;3,8;-1;0,02;9;113,26;12,52;13,5;15,5;13,5;6;8;-4,35;4;-3,51;5;1,93;13;0,52;64,6;21,2;21,2;8,67;300;-197;14;0;8;8;33;144;2,6;7;2,6;-0,16;6,99;356,5;0,58;1,85;1,5;1,94;72,6;-0,1;-0,35;0,35;0,95;0,3;-0,96;1;17,5;1;0,33;-1;1,05;18,3;0,88;0,1;-0,96;0,89;6,5;-0,07;-0,2;0;0,21;0,21;0;115,8;250,7;8,4;360;77;0;105
200407302114;1;0,88;1;38196;0,11;2;4;623;626;509;1;7,2;1;1,83;-3,2;3,4;0,47;3,32;5;0,65;-9;2,52;5;0,73;-10;-1;-1;0,3;1,5;0,3;-7;-13;-0,5;27;-0,45;27;0,61;25;0,04;73,2;29,8;29,8;3,67;18;-51;-13;0;4;4;72;217;1,56;28;-0,12;1,56;0,92;94,4;-99,9;-99,9;0,61;-99,9;-999,9;0,06;0,1;0,1;0,38;0;0,61;0,38;0;0,27;0,11;0,59;0,29;22,2;-0,06;0,04;0,41;0,07;146,3;-0,44;0,04;-0,2;0,44;0,48;0,2;-28,5;174,8;40,6;201;-4;0;39
200409132003;1;0,84;1;38242;0;1;4;945;948;603;14;25,1;1;7,57;-8;9,8;0,39;4,05;-1;0,24;23;5,01;2;0,02;-10;87,33;3,17;5;5,6;5;34;30;-0,9;-1;-0,91;4;0,59;14;0,2;94,1;69,9;69,9;5,33;56;-50;14;0;3;3;-49;52;2,6;0;-0,27;2,59;1,55;96;-0,29;1,65;-0,68;1,68;100;-0,87;-1,12;1,12;-0,29;1,65;-0,68;1,68;100;-0,27;2,59;0,52;2,6;96;-0,13;2,07;0,87;2,07;93,6;0,16;0,42;1,55;0,45;1,61;1,55;24,4;69,1;45,3;360;77;0;69
200411071827;1;0,77;1;38297;0,01;1;4;983;0;730;11;47,8;5;17,45;-44,6;44,6;0,93;7,25;2;0,08;11;2,18;1;0,02;16;244,82;54,31;5,2;13,9;5,2;8;9;-1,67;0;-1,59;2;0,84;11;0,11;7,6;39;7,6;8,67;300;-373;11;0;9;9;-5;31;2,01;1;0,55;1,93;2,66;74,1;0,77;1,12;0;1,36;55,5;-2,57;-3,06;3,06;0,49;-0,15;-0,79;0,51;343;0,77;1,12;0;1,36;55,5;0,55;1,93;0,98;2,01;74,1;0,06;2,08;1,77;2,08;2,73;1,77;-14,3;88,3;112,2;0;77;0;101
200412050746;1;0,32;1;38323;0,99;1;5;742;744;457;2;34,6;2;7,91;-6,9;22,7;0,66;3,53;14;0,94;-4;5,45;-2;0,21;3;127;10,19;4,6;6,2;4,6;23;23;-0,71;4;-0,84;1;0,38;34;0,13;163,8;40,2;40,2;4,33;32;-58;31;0;8;8;2;51;1,68;1;0,44;1,62;1,78;74,8;0,23;1,04;1,06;1,07;77,5;-1,29;-1,51;1,51;0,26;0,96;1,38;0,99;74,8;0,26;1,34;1,53;1,36;79;0,44;1,62;1,87;1,68;74,8;0,18;0,66;0,49;0,68;0,84;0,49;0,1;74,7;6,1;360;0;0;47
200501211711;1;0,72;1;38372;0,28;1;5;1202;1201;950;2;29,5;2;14,01;-6,9;13;0,44;1,3;-1;0,07;13;2,21;47;0,06;13;202,93;17,89;9;13,2;9;10;11;-4,06;1;-4,2;1;0,72;19;0,31;38,2;143,8;38,2;8;207;-105;12;0;14;14;61;50;5,26;21;-4,2;3,17;5,23;143;-0,81;-1,36;2,05;1,58;239,2;-5,87;-6,77;6,77;0,47;0,64;-0,34;0,79;53,7;0,33;0,29;1,35;0,44;41,3;-0,81;-1,36;2,05;1,58;239,2;-1,28;-2;2,39;2,37;3,37;2,39;1,8;237,4;150,5;360;77;5400;69
200505150238;2;0,11;1;38485;0,68;1;5;1207;1231;959;7;54,2;7;25,99;-41,2;41,2;0,76;2,68;0;0,05;15;4,67;1;0,01;6;127,76;37,09;9,5;16,4;9,5;4;4;-3,38;3;-4,62;3;1,21;7;0,18;175,4;45,4;45,4;8,33;236;-263;5;0;12;12;-11;44;2,53;8;-1,75;1,83;3,68;133,7;-0,29;1,85;2,56;1,87;98,9;-1,4;-2,51;2,51;0,78;-0,16;-0,16;0,8;348,4;0,57;0,82;0,16;1;55,2;-0,01;1,4;0,81;1,4;90,4;-0,79;1,56;0,97;1,75;2;0,97;-26,4;116,9;106;360;77;0;56
200506120745;1;0,32;1;38512;0,56;1;4;627;632;503;12;24,2;5;6,09;-16,9;16,9;0,7;4,83;5;0,13;17;8,46;-1;0,04;20;54,08;12,23;2,6;4,8;2,6;7;14;-0,46;0;-0,46;3;0,24;11;0,11;13,7;58,8;13,7;7,33;154;-106;16;0;7;7;-13;6;1,25;1;0,8;0,96;1,15;50,2;0,42;0,68;0,4;0,8;58,3;-0,93;-1,29;1,29;0,23;0,82;0,11;0,85;74,3;0,42;0,68;0,4;0,8;58,3;0,8;0,96;0,38;1,25;50,2;0,57;0,14;0,27;0,59;0,65;0,27;36,4;13,8;25,4;125;77;0;75
200506141835;1;0,77;1;1;0,1;1;4;648;643;553;3;11,5;1;3,18;-6,7;7,5;0,65;2,27;9;0,13;32;2,51;-9;0,17;17;44,15;2,5;1,2;2;1,2;22;22;-0,27;22;-0,27;6;0,18;11;0,1;58,8;38,2;38,2;4,67;39;-54;17;0;6;6;24;18;0,83;-1;0,68;-0,47;0,86;325,3;0,34;0,67;-0,26;0,75;63,1;-0,05;-0,13;0,13;0,68;-0,47;-0,28;0,83;325,3;0,56;-0,57;-0,11;0,8;314,5;0,62;-0,4;0,13;0,74;327,2;-0,06;0,07;0,41;0,09;0,42;0,41;-163,4;130,6;28,8;156;77;0;48
200506160847;1;0,37;1;1;0,29;1;4;833;834;686;11;19,5;1;6,69;-5,2;8,6;0,44;5,26;2;0,15;-2;3,98;13;0,23;0;43,75;2,87;1,5;2,8;1,5;19;19;-0,37;7;-0,39;7;0,35;33;0,08;38,2;131,2;38,2;5;48;-48;19;0;10;10;47;62;1,59;46;-0,61;1,47;1,52;112,5;0,02;0,48;-0,8;0,48;87,6;0,04;-0,12;0,12;0,03;0,62;0,08;0,62;87,2;-0,06;0,7;0,49;0,7;94,9;0,03;0,91;0,72;0,91;88,1;0;0,29;0,64;0,29;0,7;0,64;-1,9;90;31;360;77;0;62
200507130512;1;0,22;1;38543;0,21;1;3;577;603;610;10;10,3;-1;3,14;-7;8,8;0,85;1,78;3;0,27;0;3,69;47;0,23;-2;-1;-1;0,4;0,9;0,4;0;-2;-0,25;6;-0,26;64;0,33;4;0,04;23,2;68,8;23,2;5,33;56;-54;5;0;14;14;33;27;1,49;36;-1,14;0,96;1,11;139,9;0,28;0,36;-0,35;0,46;52,1;0;0,23;0,23;0,71;-0,07;-0,08;0,71;354,4;0,85;-0,04;-0,11;0,85;357,3;0,51;0,33;-0,14;0,61;32,9;-0,2;0,4;-0,06;0,45;0,45;0,06;-83,7;116,6;38,5;182;0;0;64
200508240613;1;0,26;1;38586;0,03;1;3;777;781;720;7;52,2;3;18,79;-40,9;40,9;0,78;9,98;5;0,23;24;11,31;5;0,05;2;212,43;20,51;6,4;10,7;6,4;15;15;-1,5;2;-2,21;3;0,48;12;0,12;9,2;156,9;9,2;8,67;300;-216;4;0;-11;11;54;49;2,66;25;0,29;2,64;2,31;83,7;1,26;2,12;1,17;2,47;59,3;-0,96;-2,6;2,6;0,73;0,61;-0,16;0,95;39,9;0,74;0,8;0,26;1,09;47,2;1,19;1,3;0,18;1,76;47,5;0,46;0,69;0,34;0,83;0,9;0,34;-8,8;56,3;17,2;360;77;0;70
200509110114;2;0,05;1;2;0,8;1;4;1384;1399;1059;4;18,2;6;9,64;-6,4;6,4;0,35;2,36;1;0,07;9;999,99;4;0,06;9;-1;6,72;12,1;14,7;12,1;10;8;-2,55;0;-2,85;4;0,36;24;0,67;35,2;28,8;28,8;7,67;179;-147;8;0;-12;12;-67;83;5,76;2;-0,65;5,72;3,07;96,5;0;2,91;-2,65;2,91;90;-3,58;-5,24;5,24;-0,03;0,41;-1,24;0,41;94,2;0;2,91;-2,65;2,91;90;-0,37;5,14;-3,14;5,15;94,1;-0,34;4,73;-1,9;4,74;5,11;1,9;0;94,1;40,3;360;77;0;58
200607092136;1;0,9;1;38904;0,34;1;4;487;486;433;1;9,7;2;2,1;-6,3;7,3;0,75;2,17;3;0,28;26;25,82;8;0,38;26;16,98;1,33;4,5;3,9;4,5;37;37;-0,51;22;-0,55;21;0,27;25;0,46;141,6;40,4;40,4;3,33;18;-23;18;0;-9;9;34;38;1,95;26;0,03;1,95;2,88;89,1;-0,45;-0,27;-1,41;0,52;211;-0,33;-0,36;0,36;0,76;1,36;-0,28;1,56;60,8;0,66;1;-0,48;1,2;56,6;0,61;1,39;0,13;1,52;66,3;-0,15;0,03;0,41;0,15;0,44;0,41;-102,4;168,7;16;360;77;0;31
200612080435;1;0,19;1;39057;0,77;1;4;1219;1271;669;1;10,1;2;3,38;-3,2;3,2;0,32;1,65;2;0,28;-6;30,11;11;0,72;-9;12,82;0,95;3,8;3,5;3,8;24;10;-0,53;-1;-0,45;-1;0,47;25;0,38;66,6;41,4;41,4;5;48;-29;-8;0;-5;5;-64;18;1,77;37;1,63;0,7;1,72;23,2;-0,9;0,51;-0,28;1,03;150,5;-0,66;-0,83;0,83;-0,9;0,51;-0,28;1,03;150,5;-0,67;-0,29;-0,91;0,73;203,4;-0,75;0,27;-1,02;0,8;160,2;0,15;-0,24;-0,74;0,28;0,79;0,74;-141,8;302;37,7;360;0;0;28
200612141414;2;0,59;1;39064;0,09;1;5;1154;1165;896;1;17,9;10;8,02;-15,6;15,6;0,87;2,07;1;0,05;12;3,13;0;0,03;16;109,65;6,18;8,6;12,1;8,6;12;12;-1,56;3;-1,92;8;0,48;17;0,48;112,2;51,7;51,7;8,33;236;-146;16;0;-6;6;23;43;4,35;4;1,02;4,23;2,07;76,4;1,74;2,89;-0,34;3,37;58,9;-0,53;-1,62;1,62;0,67;0,31;-0,66;0,74;24,8;1,14;0,3;-1,19;1,18;14,7;1,56;0,35;-1,43;1,6;12,6;0,89;0,04;-0,77;0,89;1,18;0,77;10,1;2,6;9,1;360;77;92;23
200612161755;1;0,75;1;2;0,88;1;4;928;957;707;3;11,5;2;4,07;-2,6;4,8;0,42;1,49;2;0,09;-4;4,49;29;0,09;3;-1;-1;0,8;1,2;0,8;-10;-11;-0,23;0;-0,28;2;0,25;-2;0,07;51,7;40,3;40,3;3,33;18;-43;-9;0;-6;6;46;79;0,87;31;0,79;0,37;1,29;25,1;0,33;0,08;-0,39;0,34;13,6;-0,11;-0,29;0,29;0,3;-0,01;-0,21;0,3;358,1;0,33;0,08;-0,39;0,34;13,6;0,67;0,04;0,09;0,67;3,4;0,37;0,05;0,3;0,37;0,48;0,3;-4,3;7,7;42,9;360;77;0;20
201004050826;1;0,35;1;40271;0,38;1;4;877;906;814;5;18,8;3;7,65;-7,4;13,1;0,7;3,29;0;0,07;5;2,67;0;0,05;24;56,45;5,45;2,6;3,8;2,6;8;18;-1,13;3;-0,89;3;0,26;0;0,13;73,2;29,6;29,6;7,67;179;-81;29;0;-15;15;10;114;1,64;8;1,56;-0,52;1,34;341,6;0,36;0,84;0,01;0,91;66,8;-0,02;-0,66;0,66;0,32;0,21;-0,25;0,38;33,3;0,29;-0,13;-0,23;0,32;335,9;0,35;0,48;-0,26;0,59;53,9;0,03;0,27;-0,01;0,27;0,27;0,01;-29,8;83,7;20,4;360;77;0;34
201004111304;3;0,54;1;40276;0,1;1,5;4;503;514;457;1;12,1;18;2,76;-4,6;6,6;0,55;2,29;5;0,18;18;11,42;26;0,31;18;24,56;2,47;1,3;2,1;1,3;15;15;-0,41;1;-0,42;1;0,35;16;0,11;43,1;63,9;43,1;5,67;67;-51;11;0;24;24;-14;80;0,87;22;0,85;0,17;2,13;11,3;0,63;-0,18;0,09;0,66;344,1;-0,39;-0,41;0,41;0,09;-0,52;-0,93;0,53;279,8;0,14;-0,34;0,07;0,37;292,4;0,63;-0,18;0,09;0,66;344,1;0,54;0,34;1,02;0,64;1,2;1,02;-48,1;32,2;84,6;160;77;0;10
201005280257;3;0,12;1;40322;0,55;2;4;484;490;385;6;14,4;27;2,77;-13,8;13,8;0,96;3,68;46;0,33;18;7,43;-6;0,11;33;33,13;2,57;1,9;4,3;1,9;26;33;-0,54;17;-0,63;26;0,29;22;0,13;56;54;54;5,33;56;-85;34;0;13;13;31;165;1,96;20;1,29;1,47;2,33;48,7;0,92;0,93;-0,54;1,31;45,3;-0,07;0,03;0,03;0,15;0,73;-0,24;0,75;78,4;-0,02;0,72;0,11;0,72;91,6;0,17;0,62;-0,15;0,64;74,7;0,02;-0,11;0,09;0,11;0,14;0,09;154,4;280,3;5,9;360;77;0;13
201008031741;2;0,74;1;40391;0,33;1;4;719;792;598;3;17,3;13;5,17;-10,4;13,1;0,76;2,26;2;0,25;-3;2,86;-2;0,3;12;44,37;4,02;3,3;5,1;3,3;11;10;-0,93;0;-0,84;0;0,29;12;0,2;187,7;16,6;16,6;6,67;111;-67;10;0;20;20;-36;100;1,78;1;-0,25;1,76;2,47;98,1;0,59;0,49;-0,5;0,77;39,7;-1,81;-1,99;1,99;0,7;0,47;0,01;0,84;33,9;0,59;0,49;-0,5;0,77;39,7;-0,25;1,76;-0,64;1,78;98,1;-0,95;1,29;-0,65;1,6;1,73;0,65;-28,3;126,4;66,1;360;77;0;14
201102180130;1;0,06;1;40589;0,07;1;4;579;584;691;10;31;3;10,71;-5,5;20,2;0,65;4,37;16;0,18;47;7,8;-6;0,05;19;72,25;14,84;5,2;5,8;5,2;7;7;-1,32;4;-1,69;3;0,42;34;0,17;81,6;95,5;81,6;5;48;-30;13;0;-18;18;17;22;1,55;4;-0,12;1,55;1,77;94,4;-0,12;1,55;1,12;1,55;94,4;-1,05;-1,61;1,61;-0,2;0,33;0,39;0,39;121,2;0;0,37;0,46;0,37;90;-0,12;0,73;0,69;0,74;99,3;0,08;0,4;0,3;0,41;0,51;0,3;20,6;78,7;15,8;360;77;0;85
201103100645;1;0,28;1;40609;0,82;1;4;704;707;405;25;11,9;1;2,41;-10,5;10,5;0,88;1,87;18;0,47;1;999,99;-9;0,45;11;31,94;2,37;2,5;4,4;2,5;25;25;-0,5;19;-0,55;19;0,28;10;0,21;98,8;33,2;33,2;5,33;56;-83;22;0;24;24;59;75;3;7;-2,12;2,12;1,45;135;-0,37;0,31;-0,03;0,48;140;-0,51;-0,82;0,82;-0,39;0,97;-0,4;1,05;111,9;-1,05;0,8;-0,92;1,32;142,7;-1,54;0,63;-1,15;1,66;157,8;-1,15;-0,34;-0,75;1,2;1,41;0,75;-38,7;196,5;42,4;360;0;0;83
201106042044;1;0,86;1;40696;0,31;1;4;677;680;556;6;23,6;4;6,56;-4,5;16,5;0,7;3,32;2;0,23;6;4,61;12;0,15;7;79,92;9,38;3,5;4,7;3,5;11;8;-0,72;6;-0,95;6;0,25;14;0,15;89,7;65,3;65,3;6,33;94;-39;6;0;-19;19;-25;35;1,78;27;1,45;-1,04;1,12;324,4;-0,45;0,92;-0,17;1,02;116,1;-0,54;-0,65;0,65;-0,05;0,41;-0,04;0,41;97;-0,12;0,64;-0,37;0,65;100,6;-0,58;0,55;-0,22;0,8;136,5;-0,53;0,14;-0,18;0,55;0,58;0,18;-28,7;165,2;40,1;360;0;0;115
201109091242;1;0,53;1;40792;0,07;1;4;500;505;560;6;19,3;3;5,4;-14,2;14,2;0,74;7,51;1;0,39;-7;999,99;12;0,47;5;-1;0;2,7;3,6;2,7;15;15;-0,39;0;-0,6;1;0,29;2;0,14;120,7;18,3;18,3;5,67;67;-69;4;0;14;14;7;15;0,83;2;0,07;0,83;1,86;85,2;0,18;0,3;-0,55;0,35;59;-0,75;-0,45;0,45;0,1;0,34;-0,16;0,35;73,6;0,18;0,3;-0,55;0,35;59;0,19;0,6;-0,55;0,63;72,4;0,09;0,26;-0,39;0,28;0,48;0,39;1,5;70,9;16,9;360;77;0;72
201201220611;1;0,26;1;40927;0,57;1,5;4;645;654;459;19;26,5;2;6,08;-10,5;20;0,76;3,94;14;0,19;34;1,62;11;0,2;6;108,18;9,78;3;5,1;3;19;19;-0,49;15;-0,74;2;0,31;32;0,11;25,2;56,9;25,2;5;48;-73;14;0;30;30;-30;246;1,74;6;-0,2;1,73;2,28;96,6;-0,07;0,47;-0,58;0,48;98,5;-0,78;-1;1;0,3;0,49;0,79;0,57;58,5;0,4;0,54;1,16;0,67;53,5;-0,11;0,72;1,01;0,73;98,7;-0,41;0,23;0,22;0,47;0,52;0,22;-52;150,7;23,2;360;77;0;109
201201241503;1;0,63;1;40931;0,15;1;4;1173;1186;673;0;16,4;0;5,52;-9,3;9,3;0,57;3,2;15;0,24;-3;6,31;38;0,2;-9;29,52;2,57;3,2;3,3;3,2;13;13;-1,33;-1;-0,94;0;0,9;14;0,2;56,9;45;45;4,33;32;-80;18;0;18;18;25;56;1,59;0;-1,07;1,18;3,02;132,2;-0,38;-0,22;-1,67;0,44;210,1;-0,97;-0,62;0,62;-0,38;-0,22;-1,67;0,44;210,1;-1,07;1,18;-1,19;1,59;132,2;-0,78;0,71;-0,51;1,05;137,7;-0,4;0,93;1,16;1,01;1,54;1,16;24,4;113,3;60,6;360;0;0;86
201202262139;3;0,9;1;40963;0,1;2;4;618;631;493;14;14,9;27;3,67;-8,5;9,8;0,66;1,99;5;0,2;22;11,21;8;0,11;22;78,3;3,05;3,5;4,3;3,5;39;39;-0,62;2;-0,72;21;0,49;3;0,24;115,6;55,4;55,4;5,33;56;-47;21;0;32;32;-38;0;2,14;4;-0,56;2,07;1,8;105,1;0,09;0,89;0,47;0,89;84,2;-0,38;-1,03;1,03;-0,87;0,97;0,91;1,3;131,9;-0,73;0,59;0,98;0,94;141,1;-0,56;0,71;0,93;0,9;128,3;0,31;-0,26;0,02;0,4;0,41;0,02;168,3;320;11,2;189;77;0;48
201203070420;1;0,18;1;40972;0,44;1;4;631;636;592;13;17,1;0;5,06;-12;12;0,7;2,62;7;0,48;25;4,31;14;0,4;0;77,82;3,95;4,5;3,1;4,5;28;28;-0,43;10;-0,6;10;0,8;4;0,26;33,3;30,7;30,7;6;80;-85;10;0;19;19;-61;107;2,59;19;-0,02;2,59;3,32;90,4;-0,92;1,44;0,14;1,71;122,6;0,26;0,81;0,81;-0,27;0,81;-0,4;0,85;108,4;0,07;0,49;0;0,49;81,9;-0,37;0,41;0,01;0,55;132,1;-0,1;-0,4;0,41;0,41;0,58;0,41;-123,9;256;34,7;360;0;0;106
201203081103;2;0,46;1;1;0;1;5;1186;1198;737;24;23,1;10;8,51;-16,1;16,1;0,7;5,99;11;0,06;21;4,69;3;0,06;17;146,2;6,93;11,7;14,8;11,7;21;20;-2,35;0;-2,47;0;0,63;32;0,51;30,7;73,9;30,7;8;207;-143;20;0;21;21;-27;38;2,68;0;-1,13;2,43;3,34;114,9;-1,13;2,43;-0,79;2,68;114,9;-2,8;-2,64;2,64;-0,08;2,2;-1,4;2,2;92,1;-1,13;2,43;-0,79;2,68;114,9;-0,63;0,13;-0,59;0,64;168,3;-0,55;-2,07;0,81;2,14;2,29;0,81;-86,8;255,1;59,3;360;77;0;97
201203111300;1;0,54;1;40977;0,14;1;5;721;735;461;4;8,3;3;1,91;-4,9;6,3;0,76;2,03;9;0,17;-8;7,04;9;0,74;-9;-1;-1;0,9;1,2;0,9;-10;-10;-0,32;14;-0,3;14;0,31;12;0,11;73,9;20,2;20,2;3,33;18;-44;-13;0;17;17;3;56;1,7;12;-0,03;1,7;1,39;91;-0,68;1,03;-0,95;1,23;123,4;-0,17;-0,3;0,3;0,17;0,77;-0,61;0,79;77,6;0,46;0,87;-0,52;0,98;62,1;0,8;0,97;-0,35;1,26;50,5;0,63;0,2;0,26;0,66;0,71;0,26;32,9;17,6;32,6;360;0;0;116
201203120914;1;0,38;1;40978;0,72;1;5;1039;1065;727;9;23,6;0;8,58;-12,1;12,1;0,51;5,49;6;0,17;13;5,32;3;0,07;25;49,58;3,28;5,7;7;5,7;18;18;-1,31;9;-1,26;9;0,87;20;0,24;20,2;75,9;20,2;6,33;94;-51;6;0;17;17;24;75;3,27;13;-3,12;-0,99;4,58;197,6;0,21;-0,99;1,05;1,01;282;-0,27;-0,2;0,2;-0,06;-0,43;-0,85;0,43;262,1;0,41;-0,33;-0,84;0,53;321,2;0,67;-0,91;-0,75;1,13;306,4;0,73;-0,48;0,1;0,87;0,88;0,1;-20,3;326,7;40,2;360;0;0;116
201203151306;1;0,55;1;40981;0,72;1;5;947;955;787;5;15,8;3;6,22;-9,7;9,7;0,61;2,27;0;0,09;16;2,63;0;0,26;-9;44,53;3,61;1,3;2,8;1,3;10;6;-0,39;3;-0,5;3;0,45;11;0,08;75,9;19,9;19,9;6,33;94;-80;5;0;19;19;59;73;0,92;7;0,85;-0,34;1,74;338,2;-0,09;-0,69;-0,79;0,7;262,6;-0,09;-0,03;0,03;0,54;0,14;-1,7;0,56;14,5;0,45;0,71;-1,77;0,84;57,6;0,04;0,1;-1,19;0,11;68,2;-0,5;-0,04;0,51;0,5;0,72;0,51;-116,4;184,6;15,6;360;77;0;88
201206160955;1;0,41;1;41073;0,48;1;4;590;607;413;7;10,6;5;2,19;-3,4;3,4;0,32;2,27;-2;0,57;7;3,65;-2;0,75;1;11,86;2,49;1,4;1,1;1,4;7;7;-0,27;5;-0,23;3;0,17;-8;0,13;116,9;10,4;10,4;3;15;15;-6;0;-17;17;-21;182;1,64;7;0,19;1,63;0,52;83,4;0,5;1,19;0,22;1,29;67,2;-0,23;-0,31;0,31;0,41;1,02;0,1;1,1;68,1;0,44;1,2;0,27;1,28;69,9;0,35;0,88;0,26;0,95;68,3;-0,06;-0,14;0,16;0,15;0,22;0,16;-178,5;246,8;10,2;253;0;0;106
201206162019;1;0,85;1;41074;0,54;1;4;749;768;519;1;40,1;5;10,41;-16;34,7;0,87;3;28;0,18;38;2,73;18;0,07;24;139,2;36,19;4,6;5,7;4,6;8;8;-1,3;0;-1,33;2;0,86;13;0,12;10,4;48,7;10,4;6,33;94;-86;16;0;-17;17;-6;184;1,9;0;0,92;1,66;2,18;61;0,92;1,66;0,48;1,9;61;-2;-3,01;3,01;0,43;1,21;0,53;1,28;70,4;0,92;1,66;0,48;1,9;61;0,55;1,4;-0,14;1,5;68,6;0,12;0,19;-0,67;0,22;0,71;0,67;10,8;57,7;27,8;360;77;0;106
201207141809;2;0,76;1;41102;0,65;1;4;822;842;667;5;27,3;13;9,1;-17,7;17,7;0,65;4,92;-1;0,12;18;4,91;10;0,02;15;201,23;11,3;6,4;10,3;6,4;23;23;-1,3;5;-1,12;5;0,58;45;0,23;123,1;63,8;63,8;7;132;-133;23;0;13;13;15;113;2,62;18;2,57;0,53;2,73;11,7;-0,36;2,12;0,93;2,15;99,6;0,03;-0,61;0,61;-0,2;0,49;0,95;0,53;112,2;0,13;0,41;1,27;0,43;72,4;0,85;1,14;1,74;1,42;53,3;1,05;0,65;0,79;1,23;1,47;0,79;21,5;31,8;33,3;360;77;0;125
201207200447;2;0,2;1;41107;0,5;1;4;642;660;476;4;9,1;6;2,17;-5,5;6,7;0,74;7,72;0;0,73;-3;6,44;16;0,57;28;8,77;1,06;1,8;2,6;1,8;26;26;-0,54;0;-0,39;0;0,35;5;0,2;66,8;35,3;35,3;3;15;-22;13;0;-23;23;61;421;2,8;1;-1,67;2,25;1,1;126,6;-1,9;1,72;1;2,56;137,8;-0,58;-0,94;0,94;-1,88;1,99;1,18;2,74;133,4;-1,9;1,72;1;2,56;137,8;-1,67;2,25;0,79;2,8;126,6;0,21;0,26;-0,39;0,33;0,51;0,39;75,5;51,1;9,9;176;0;0;36
201209031213;1;0,51;1;41152;0,82;2;4;644;647;449;11;19,8;0;4,45;-12,1;12,1;0,61;4,17;9;0,21;30;5,78;20;0,34;25;52,77;3,22;3,3;2,8;3,3;26;25;-0,69;3;-0,62;3;0,34;17;0,17;59,2;33,8;33,8;5,67;67;-78;-3;0;-19;19;-42;126;1,22;24;0,51;1,11;1,07;65,3;-0,13;0,1;0,25;0,16;142,4;-0,47;-0,91;0,91;0,77;-0,22;0,16;0,8;344,1;0,54;-0,01;0,14;0,54;358,9;0,21;-0,26;0,23;0,33;308,9;-0,56;-0,04;0,07;0,56;0,57;0,07;124,8;184,1;39,5;360;77;0;171
201301191732;2;0,73;1;41290;0,76;1;4;584;589;438;6;8,1;12;1,77;-6,9;6,9;0,85;2,85;24;0,29;-2;16,07;0;0,31;8;0;0,41;1;1,1;1;1;1;-0,29;0;-0,32;51;0,35;16;0,12;34,5;143,5;34,5;3,67;22;-34;8;0;-31;31;76;104;1,19;35;0,41;1,12;1,84;69,9;0,36;0,55;-0,88;0,66;56,8;-0,4;-0,08;0,08;0,19;0,95;-1,01;0,97;78,7;0,36;0,55;-0,88;0,66;56,8;0,3;0,46;-0,76;0,55;56,9;0,11;-0,49;0,25;0,5;0,56;0,25;134,2;282,7;16;250;0;0;47
201303150526;1;0,23;1;41345;0,43;2;4;619;622;475;26;12,2;2;2,9;-5;5,5;0,45;3,83;1;0,63;44;1,99;-1;0,53;34;21,08;2,03;1,6;3,9;1,6;17;41;-0,41;-6;-0,52;-12;0,26;18;0,13;267,4;48,5;48,5;3,67;22;-25;27;0;25;25;-1;128;1,58;17;0,4;1,53;1,64;75,3;0,05;0,38;0,41;0,38;82,5;-0,12;-0,06;0,06;0,05;0,55;0,07;0,55;84,8;0,45;0,72;-0,16;0,85;58;0,31;0,81;-0,06;0,87;69,1;0,26;0,26;-0,13;0,37;0,39;0,13;24,1;45;19,3;196;0;0;111
201303170559;1;0,25;1;1;0,24;1,5;5;862;888;725;6;17,8;2;6,45;-14;14;0,79;3,25;0;0,12;38;2,61;8;0,09;47;129,69;3,08;4,6;6,7;4,6;46;42;-0,5;2;-0,71;2;0,34;13;0,26;48,5;77;48,5;6,67;111;-132;14;0;11;11;-12;169;1,72;1;-1,36;1,06;3,39;142,1;-0,89;0,15;0,21;0,9;170,4;-0,83;-1,33;1,33;-0,63;1,37;1,29;1,51;114,7;-1,08;1,13;1,73;1,56;133,7;-1,36;1,06;0,9;1,72;142,1;-0,73;-0,31;-0,39;0,79;0,88;0,39;-60,9;203;26;360;77;0;119
201304132254;2;0,95;1;41375;0,29;1;5;649;654;516;5;12,9;10;3,33;-4,5;10,3;0,8;2,03;9;0,1;29;2,9;17;0,03;42;73,5;3,3;5,3;5,4;5,3;29;30;-0,6;8;-0,74;8;0,32;34;0,41;96,9;223,1;96,9;3,33;18;-16;70;0;9;9;-12;34;2,98;10;1,41;2,62;2,07;61,7;1,01;1,67;0,5;1,95;58,8;-0,38;-0,79;0,79;-0,08;0,14;0,31;0,16;119,7;-0,02;-0,22;0,84;0,22;264,8;-0,13;0,15;1,05;0,2;130,9;-0,05;0,01;0,74;0,05;0,74;0,74;-37,8;168,7;17,1;360;77;0;117
201305180110;1;0,05;1;41408;0;1;4;428;434;439;0;11,2;-1;2,46;-6,4;6,4;0,57;2,99;10;0,52;-7;999,99;18;0,46;-1;22,26;2,08;2;3,6;2;18;18;-0,29;39;-0,4;0;0,29;29;0,18;66,2;46;46;5,33;56;-57;2;0;12;12;-77;80;1,42;42;1,23;0,71;1,1;30;0,88;0,23;-0,36;0,91;14,6;-0,37;-0,62;0,62;0,44;-0,03;-0,97;0,44;356,1;0,13;-0,15;-0,92;0,2;310,9;0,22;-0,06;-1,2;0,23;344,7;-0,22;-0,03;-0,23;0,22;0,32;0,23;157;187,8;14,1;360;0;1;133
201305192308;1;0,96;1;41411;0,36;1;5;666;671;422;0;13,1;0;2,76;-3,8;7;0,53;3,22;1;0,58;16;6,66;19;0,84;39;11,4;1;1,2;0,9;1,2;32;32;-0,48;-1;-0,28;-1;0,32;10;0,09;46;41,9;41,9;3,67;22;-30;-2;0;12;12;-31;36;1,31;26;0,5;-1,21;0,84;292,5;0,66;0,67;-0,42;0,94;45,4;-0,34;-0,25;0,25;0,66;0,67;-0,42;0,94;45,4;0,2;0,37;-0,49;0,42;61,6;-0,66;-0,31;-0,29;0,73;205,2;-1,32;-0,98;0,13;1,64;1,65;0,13;-11,4;216,6;130,2;360;0;0;127
201310020155;1;0,08;1;41546;0,9;2;4;796;804;629;2;22,2;3;6,98;-14;14;0,63;5,48;0;0,14;33;6,01;11;0,01;24;0;-1;3,3;4,2;3,3;0;4;-1,09;3;-1,3;2;0,41;9;0,15;54,9;156,1;54,9;7,67;179;-67;5;0;10;10;33;194;1,24;16;1,2;-0,3;3,28;346;1,11;-0,28;-1,81;1,14;345,8;-0,78;-1,86;1,86;0,46;0,65;-1,79;0,8;54,7;0,45;0,61;-1,75;0,76;53,6;0,81;0,42;-2,36;0,91;27,4;0,35;-0,23;-0,57;0,42;0,71;0,57;60,7;326,7;10,8;360;77;0;60
201402071705;1;0,71;1;41674;0,05;1;3;473;474;459;7;13,8;0;3,17;-7;9,7;0,7;0,01;12;0;-10;4,82;12;0,22;-10;23,49;3,77;1;2,1;1;8;23;-0,49;6;-0,52;6;0,28;15;0,07;64,1;38,9;38,9;2,33;39;-12;-10;0;9;9;13;15;0,7;-1;0,35;-0,61;0,4;299,8;0,19;0,59;0,08;0,62;72,1;0,18;0,05;0,05;0,35;-0,61;0;0,7;299,8;0,22;-0,53;0,28;0,57;292,5;0,34;0,42;0,28;0,54;51;-0,01;1,03;0,28;1,03;1,07;0,28;-39,5;90,6;108,7;181;77;0;147
201402151316;2;0,55;1;41682;0,65;1;4;597;605;450;0;16,2;15;3,64;-8,3;15,2;0,94;0;-2;0;-1;-1;-99;-1;-99;75,46;4,8;4;4,8;4;24;24;-0,63;1;-0,54;1;0,33;26;-1;51,5;69,7;51,5;5;-1;-22;31;0;-10;10;4;34;1,96;1;1,3;1,47;0,99;48,5;1,16;1,51;0;1,9;52,5;-1,16;-1,77;1,77;0,88;0,81;0,69;1,2;42,6;1,32;0,91;0,73;1,6;34,6;1,3;1,47;0,32;1,96;48,5;0,42;0,66;-0,37;0,78;0,87;0,37;-9;57,5;21,4;360;77;0;113
201402200318;1;0,14;1;41687;0,12;1;4;574;593;691;1;14,4;1;4,98;-11,4;11,4;0,79;0;-1;0;26;1,68;-1;0,17;26;44,54;3,33;4,5;3,3;4,5;13;13;-0,68;3;-0,49;5;0,52;7;0,31;40,3;22,7;22,7;6;80;-86;8;0;-14;14;5;30;3,44;4;0,32;3,43;1,53;84,7;0,32;3,43;1,33;3,44;84,7;0,19;0,27;0,27;0,48;1,59;0,61;1,66;73,2;0,16;1,91;1,23;1,92;85,2;0,35;2,41;1,36;2,44;81,7;-0,13;0,82;0,75;0,83;1,12;0,75;-17,3;99;11,9;121;77;0;133
201403252003;2;0,84;1;41721;0,13;1;4;640;645;516;0;8,6;15;2,22;-5,1;7,8;0,91;0,03;-9;0;47;24,82;-9;0,38;47;13,8;1,11;2,3;2,3;2,3;45;45;-0,35;11;-0,4;11;0,23;37;0,27;98,1;87,9;87,9;3,67;22;-22;45;0;-12;12;-40;85;1,14;14;-1;0,54;1,52;151,6;-0,53;0,52;0,78;0,74;135,5;-0,19;0,03;0,03;0,06;0;0,38;0,06;0;0,13;0,05;0,31;0,14;21;-0,18;0,18;0;0,25;135;-0,24;0,18;-0,38;0,3;0,48;0,38;-8,1;143,1;96,3;360;0;0;136
201404201057;1;0,46;1;41747;0,52;1;4;895;913;678;1;15,2;0;5,15;-5;13,5;0,89;0,01;4;0;27;7,36;4;0,28;27;32,54;3,1;2,9;2,3;2,9;10;8;-0,55;1;-0,57;1;0,27;26;0,19;16,4;62;16,4;5;48;-24;27;0;-20;20;34;49;2,13;29;2,13;-0,06;1,81;358,4;0,42;-0,24;-0,63;0,48;330,3;-0,82;-0,9;0,9;0,52;-0,41;-0,33;0,66;321,7;0,65;-0,31;-0,3;0,72;334,5;0,42;-0,24;-0,63;0,48;330,3;-0,1;0,17;-0,3;0,2;0,36;0,3;-150,2;120,5;26,8;360;77;0;173
201406232308;1;0,96;1;41809;0,78;2;5;413;407;361;2;7,8;2;1,41;-6,9;6,9;0,89;0;-1;0;-2;-1;-99;-1;-99;-1;-1;0,6;0,8;0,6;0;-2;-0,2;6;-0,24;6;0,29;7;-1;28,1;45,9;28,1;3;-1;-9;32;0;-9;9;-23;70;0,98;10;0,45;0,87;0,82;62,7;0,25;0,72;-0,04;0,76;70,9;0,07;0,03;0,03;-0,15;-0,01;-0,16;0,15;183,8;-0,03;-0,12;-0,24;0,12;256;0,08;-0,09;-0,38;0,12;311,6;0,23;-0,08;-0,22;0,24;0,33;0,22;-29,2;340,8;55,4;262;0;0;77
201409112345;1;0,99;1;41890;0,97;1;5;573;580;467;4;14;2;3,27;-8,1;8,1;0,58;0;8;0;11;2,51;8;0,46;11;24,82;3,49;8,1;2,7;8,1;9;12;-0,42;0;-0,37;2;0,18;-9;0,58;380,8;16,1;16,1;5,33;56;-16;2;0;15;15;-26;-99;1,58;8;1;1,22;0,95;50,7;0,23;0,99;0,25;1,02;76,9;-0,29;-0,37;0,37;0,08;0,78;0,06;0,78;84,1;0,23;0,99;0,25;1,02;76,9;0,49;1,27;0,29;1,36;68,9;0,41;0,49;0,23;0,64;0,68;0,23;18,8;50,1;16,9;360;0;0;160
201409121553;2;0,66;1;41892;0,72;1;5;893;906;730;12;31,7;7;11,57;-9,5;17,9;0,57;0;5;0;11;2,35;5;0,02;11;131,35;17,17;8,5;7,9;8,5;9;9;-1,41;3;-1,23;3;0,59;44;0,27;16,1;126,1;16,1;6,33;94;-75;7;0;14;14;-2;59;2,09;17;2,09;-0,09;3,2;357,5;0,01;1,41;-0,32;1,41;89,6;-1,03;-1,96;1,96;0,68;0,35;-0,39;0,76;27,2;1,07;0,96;-0,01;1,44;41,9;0,93;0,49;-0,39;1,05;27,8;0,25;0,14;0;0,29;0,29;0;-1,5;29,2;6,7;360;77;0;126
201411100220;1;0,1;1;41950;0,7;1;4;723;740;509;4;19,4;0;4,94;-7,4;9,9;0,51;1;-10;0;21;999,99;-10;0,52;21;58,8;5,61;6,9;6;6,9;13;13;-0,6;7;-0,61;11;0,36;8;0,36;70,3;39,7;39,7;4,33;39;-57;14;0;17;17;-39;41;1,96;2;-0,3;1,94;2,64;98,8;-1,02;0,55;-1,25;1,16;151,7;-0,57;-0,85;0,85;-0,13;0,64;0,06;0,65;101,5;-0,14;1,69;-0,11;1,7;94,7;-0,31;1,85;-0,49;1,88;99,5;-0,18;1,21;-0,55;1,22;1,34;0,55;1,1;98,5;20;293;77;0;69
201412221510;1;0,63;1;41991;0,9;1;4;464;483;477;0;26,3;1;6,27;3,5;24;0,91;0;8;0;0;3,34;8;0,08;0;80,45;11,56;2,2;2,7;11,3;12;0;-0,55;6;-0,56;6;1,02;2;0,43;20;20,1;20;4;27;-21;-2;0;-11;11;-15;44;2,11;7;1,83;1,06;1,01;30,1;1,83;1,06;-0,07;2,11;30,1;0,36;1,38;1,38;-0,16;-0,44;-0,21;0,47;250;0,38;0,02;-0,45;0,38;3;0,48;0,1;-1,02;0,49;11,8;0,64;0,54;-0,81;0,84;1,17;0,81;-28,4;40,2;80,7;360;0;0;118
